the_geom,Loc,Borough,Street,From_,To,Index,May07_D,May07_AM,May07_PM,May07_D2,May07_MD,Sept07_D,Sept07_AM,Sept07_PM,Sept07_D2,Sept07_MD,May08_D,May08_AM,May08_PM,May08_D2,May08_MD,Sept08_D,Sept08_AM,Sept08_PM,Sept08_D2,Sept08_MD,May09_D,May09_AM,May09_PM,May09_D2,May09_MD,Sept09_D,Sept09_AM,Sept09_PM,Sept09_D2,Sept09_MD,May10_D,May10_AM,May10_PM,May10_D2,May10_MD,Sept10_D,Sept10_AM,Sept10_PM,Sept10_D2,Sept10_MD,May11_D,May11_AM,May11_PM,May11_D2,May11_MD,Sept11_D,Sept11_AM,Sept11_PM,Sept11_D2,Sept11_MD,May12_D,May12_AM,May12_PM,May12_D2,May12_MD,Sept12_D,Sept12_AM,Sept12_PM,Sept12_D2,Sept12_MD,May13_D,May13_AM,May13_PM,May13_D2,May13_MD,Sept13_D,Sept13_AM,Sept13_PM,Sept13_D2,Sept13_MD,May14_D,May14_AM,May14_PM,May14_D2,May14_MD,Sept14_D,Sept14_AM,Sept14_PM,Sept14_D2,Sept14_MD,May15_D,May15_AM,May15_PM,May15_D2,May15_MD
POINT (-73.90459140730687 40.879198966485745),1,Bronx,Broadway,West 231st Street,Naples Terrace,N,5/10/2007,1189,4094,5/5/2007,2508,9/25/2007,734,2646,9/29/2007,2939,5/1/2008,802,4015,5/17/2008,2631,9/23/2008,1125,4310,10/4/2008,3420,5/5/2009,1001,3475,5/2/2009,2832,9/10/2009,991,4262,9/26/2009,2469,5/6/2010,1010,3609,5/1/2010,3128,9/8/2010,863,4119,9/11/2010,2217,5/10/2011,997,4440,4/30/2011,2687,9/8/2011,1328,3820,9/10/2011,2428,5/3/2012,1288,3328,6/2/2012,3365,9/12/2012,1268,4315,9/15/2012,2276,5/7/2013,1210,4710,5/18/2013,3825,10/1/2013,1206,4590,10/5/2013,3008,5/8/2014,1220,4384,05/17/2014 07:00:00 AM +0000,2641,9/4/2014,1450,4646,9/6/2014,2996,5/13/2015,1788,4980,5/16/2015,3033
POINT (-73.92188432870225 40.82662794123293),2,Bronx,East 161st Street,Grand Concourse,Sheridan Avenue,Y,5/10/2007,1511,3184,5/5/2007,1971,9/25/2007,1855,3754,9/29/2007,1183,5/6/2008,1136,2638,5/17/2008,1522,9/23/2008,1939,3283,10/4/2008,1383,5/5/2009,1351,3111,5/2/2009,1304,9/10/2009,1227,3137,9/26/2009,2762,5/6/2010,2077,3283,5/1/2010,1409,9/14/2010,1007,3069,9/11/2010,1477,5/5/2011,1734,3333,4/30/2011,1772,9/14/2011,2051,3525,9/10/2011,1752,5/3/2012,1233,1875,6/2/2012,1912,9/12/2012,2113,4099,9/22/2012,1970,5/1/2013,2278,4215,5/4/2013,2288,9/18/2013,2071,3890,9/21/2013,1832,5/8/2014,2206,4363,05/17/2014 07:00:00 AM +0000,2315,9/11/2014,1949,4435,9/13/2014,2388,5/19/2015,2318,4589,5/16/2015,2483
POINT (-73.89535781584343 40.862154600315165),3,Bronx,East Fordham Road,Valentine Avenue,Tiebout Avenue,Y,5/10/2007,1832,12311,5/5/2007,14391,9/25/2007,1829,9215,9/29/2007,15065,5/1/2008,1061,8013,5/17/2008,7927,9/23/2008,2497,10010,10/4/2008,8013,5/5/2009,1689,8374,5/2/2009,7472,9/10/2009,2387,10655,9/26/2009,6614,5/6/2010,2285,10943,5/1/2010,10424,9/8/2010,2807,12658,9/11/2010,7714,5/10/2011,2289,15890,4/30/2011,9167,9/8/2011,2679,13548,9/10/2011,8140,5/3/2012,2125,7635,6/9/2012,7022,9/11/2012,2704,10486,9/15/2012,7421,5/1/2013,2710,12723,5/4/2013,8872,10/1/2013,2651,10613,10/5/2013,8241,5/8/2014,2699,12490,05/17/2014 07:00:00 AM +0000,6339,9/4/2014,2752,10408,9/6/2014,8266,5/13/2015,2382,11216,5/16/2015,7574
POINT (-73.87892467324485 40.881286995987296),4,Bronx,East Gun Hill Road,Bainbridge Avenue,Rochambeau Avenue,N,5/10/2007,764,2673,5/5/2007,1798,9/25/2007,1360,1975,9/29/2007,872,5/1/2008,2102,3206,5/17/2008,1989,9/23/2008,3020,3915,10/4/2008,1662,5/5/2009,1536,2997,5/2/2009,1672,9/10/2009,2097,3135,9/26/2009,1591,5/6/2010,2954,3962,5/1/2010,1717,9/8/2010,1622,3006,9/11/2010,1344,5/10/2011,1661,2844,4/30/2011,1510,9/8/2011,1996,2836,9/10/2011,1587,5/3/2012,1906,2066,6/9/2012,1261,9/12/2012,2371,3500,9/15/2012,1620,5/1/2013,2052,3981,5/4/2013,1979,10/9/2013,2373,3660,10/12/2013,1914,5/8/2014,2096,3378,05/17/2014 07:00:00 AM +0000,1333,9/4/2014,2382,3425,9/6/2014,1339,5/13/2015,1757,3561,5/16/2015,1714
POINT (-73.88956389732796 40.84463677671767),5,Bronx,East Tremont Avenue,Prospect Avenue,Clinton Avenue,N,5/10/2007,650,2538,5/5/2007,2334,9/25/2007,1078,2739,9/29/2007,2343,4/29/2008,553,2438,5/10/2008,1652,9/23/2008,756,3095,10/4/2008,1374,5/5/2009,684,2660,5/2/2009,2604,9/10/2009,912,3637,9/26/2009,2339,5/6/2010,1075,5823,5/15/2010,4085,9/8/2010,1012,5785,9/11/2010,3758,5/24/2011,1093,6119,5/21/2011,4274,9/14/2011,1049,5859,9/10/2011,3934,5/31/2012,627,1503,6/9/2012,2371,9/13/2012,959,3140,9/22/2012,2273,5/1/2013,1007,4175,5/4/2013,2854,10/9/2013,760,3488,10/12/2013,2805,5/21/2014,971,3586,05/31/2014 07:00:00 AM +0000,2460,9/4/2014,1019,3184,9/6/2014,2366,5/21/2015,1055,3710,5/9/2015,2554
POINT (-73.92087824799191 40.83015855511036),6,Bronx,Grand Concourse,East 164th Street,East 165th Street,Y,5/10/2007,489,1235,5/5/2007,835,9/25/2007,873,1457,9/29/2007,631,5/6/2008,634,1554,5/17/2008,856,9/23/2008,771,1445,10/4/2008,744,5/5/2009,605,1271,5/2/2009,539,9/10/2009,599,1028,9/26/2009,750,5/6/2010,597,1426,5/1/2010,669,9/8/2010,634,1341,9/18/2010,738,5/5/2011,753,1394,4/30/2011,891,9/14/2011,802,1396,9/10/2011,859,6/6/2012,838,1372,6/2/2012,1069,9/12/2012,936,1743,9/22/2012,1059,5/1/2013,912,2059,5/4/2013,1037,9/18/2013,963,1726,9/21/2013,973,5/8/2014,858,2035,05/17/2014 07:00:00 AM +0000,1042,9/11/2014,972,1902,9/13/2014,1097,5/19/2015,839,2023,5/16/2015,1059
POINT (-73.91635737290395 40.81688745834867),7,Bronx,Third Avenue,East 150th Street,East 151st Street,Y,5/10/2007,703,8776,5/5/2007,2865,9/25/2007,858,6503,9/29/2007,5501,4/29/2008,636,6123,5/10/2008,4461,9/23/2008,1499,5803,10/4/2008,4251,5/5/2009,1696,7236,5/2/2009,3540,9/10/2009,1446,6730,9/26/2009,7409,5/6/2010,1624,6877,5/1/2010,4565,9/14/2010,1701,6922,9/18/2010,4866,5/5/2011,1773,7138,4/30/2011,5866,9/14/2011,1937,7050,9/10/2011,4951,5/3/2012,1367,6961,5/5/2012,5551,9/12/2012,1604,7500,9/22/2012,5012,5/1/2013,2097,8853,5/4/2013,6599,9/18/2013,1231,6701,9/21/2013,4294,5/8/2014,2161,9048,05/17/2014 07:00:00 AM +0000,6717,9/11/2014,1648,9057,9/13/2014,6785,5/19/2015,2165,9285,5/16/2015,6721
POINT (-73.86767352599504 40.855588719719535),8,Bronx,White Plains Road,Pelham Parkway South,Lydig Avenue,Y,5/10/2007,1025,4039,5/5/2007,3991,9/25/2007,1743,4667,9/29/2007,3309,5/1/2008,1638,4798,5/17/2008,4858,9/23/2008,1056,3194,10/4/2008,2489,5/5/2009,990,3490,5/2/2009,3335,9/10/2009,1461,5090,9/26/2009,2526,5/6/2010,1375,4834,5/1/2010,3095,9/8/2010,1568,4386,9/11/2010,2217,5/10/2011,1545,4402,4/30/2011,2985,9/8/2011,1689,3016,9/10/2011,2360,5/31/2012,1626,3415,6/2/2012,3828,9/11/2012,1591,5398,9/15/2012,3851,5/1/2013,1410,4232,5/4/2013,3007,10/9/2013,1479,4910,10/12/2013,4056,5/8/2014,1495,5166,05/17/2014 07:00:00 AM +0000,2540,9/4/2014,1769,4114,9/13/2014,2893,5/13/2015,1512,4333,5/16/2015,3122
POINT (-74.01119296689045 40.6442668235874),9,Brooklyn,5th Avenue,51st Street,52nd Street,Y,5/9/2007,856,5940,5/5/2007,4354,9/25/2007,900,5435,9/29/2007,5081,4/29/2008,886,7054,5/17/2008,4806,9/11/2008,1062,5072,9/13/2008,5901,5/5/2009,914,5730,5/9/2009,4619,9/10/2009,1364,5475,10/3/2009,4740,5/5/2010,982,5570,5/1/2010,5371,9/15/2010,946,5585,9/11/2010,4577,5/12/2011,1350,7743,5/7/2011,6135,9/20/2011,1445,8170,9/10/2011,4999,5/31/2012,1306,3662,6/9/2012,4731,9/11/2012,1419,4864,10/20/2012,6325,5/2/2013,1457,6509,5/18/2013,6070,9/18/2013,1658,6627,9/21/2013,5690,5/13/2014,1522,7718,05/03/2014 07:00:00 AM +0000,6313,9/9/2014,1721,7988,9/13/2014,6391,5/12/2015,1791,7802,5/9/2015,6762
POINT (-73.98067647018512 40.676093537146265),10,Brooklyn,5th Avenue,Union Street,President Street,Y,5/8/2007,504,2207,5/5/2007,2225,9/25/2007,422,2167,9/29/2007,1627,5/6/2008,672,2707,5/3/2008,966,9/11/2008,487,1898,9/6/2008,2321,5/5/2009,469,2547,5/9/2009,2259,9/10/2009,774,2310,10/3/2009,1690,5/4/2010,582,2274,5/1/2010,2808,9/14/2010,661,3063,9/18/2010,2141,5/4/2011,631,2915,4/30/2011,2852,9/8/2011,591,2848,9/17/2011,2307,5/2/2012,666,1414,5/12/2012,2620,9/11/2012,723,3255,9/15/2012,2468,5/2/2013,688,2764,5/18/2013,2554,9/18/2013,794,2513,9/21/2013,2591,5/6/2014,800,3051,05/03/2014 07:00:00 AM +0000,3080,9/9/2014,955,2390,9/13/2014,1962,5/6/2015,900,2492,5/9/2015,3081
POINT (-73.9813420580082 40.667174151295946),11,Brooklyn,7th Avenue,9th Street,8th Street,Y,5/10/2007,2345,4089,5/5/2007,2519,9/25/2007,2167,3801,9/29/2007,1917,4/29/2008,3259,4733,5/10/2008,2682,9/16/2008,2646,3900,9/20/2008,3110,5/19/2009,2233,3986,5/9/2009,2944,9/10/2009,2718,4033,10/3/2009,2212,5/4/2010,2635,3881,5/1/2010,3436,9/8/2010,2888,5261,9/18/2010,2611,5/5/2011,2713,4018,4/30/2011,3026,9/7/2011,1944,3832,9/17/2011,2311,5/2/2012,2583,2641,6/9/2012,3858,9/11/2012,3050,4019,9/15/2012,3058,5/14/2013,2917,4540,5/18/2013,3242,10/9/2013,3241,4642,10/5/2013,2709,5/29/2014,3479,3914,05/17/2014 07:00:00 AM +0000,3293,9/16/2014,3009,3314,9/13/2014,2215,5/27/2015,2165,3920,5/30/2015,2742
POINT (-74.02728680504444 40.62213882920039),12,Brooklyn,86th Street,4th Avenue,5th Avenue,Y,5/10/2007,983,4193,5/5/2007,3886,9/25/2007,1073,5202,9/29/2007,3402,5/7/2008,1119,5128,5/17/2008,4606,9/16/2008,1092,4946,9/13/2008,4323,5/19/2009,1049,4674,5/9/2009,4406,9/10/2009,1038,4032,10/3/2009,2629,5/13/2010,1012,4519,5/15/2010,4063,9/22/2010,1039,4462,9/25/2010,3549,5/12/2011,1211,5288,4/30/2011,4464,9/20/2011,1236,6226,9/24/2011,4179,5/3/2012,1118,3466,5/12/2012,6416,9/11/2012,1533,5237,9/15/2012,4778,5/1/2013,1406,5814,5/4/2013,5289,10/1/2013,1452,5233,9/28/2013,5124,5/6/2014,1534,5281,05/03/2014 07:00:00 AM +0000,4049,9/4/2014,1177,5615,9/6/2014,3740,5/6/2015,1473,6828,5/9/2015,5036
POINT (-73.98983165443046 40.68884781602202),13,Brooklyn,Atlantic Avenue,Boerum Place,Smith Street,N,5/17/2007,357,889,5/5/2007,836,9/25/2007,356,1063,9/29/2007,831,5/8/2008,473,1335,5/17/2008,742,9/17/2008,411,1147,9/13/2008,984,5/19/2009,363,1216,5/9/2009,865,9/10/2009,228,902,10/3/2009,766,5/4/2010,387,1701,5/1/2010,1189,9/14/2010,399,1385,9/18/2010,967,5/12/2011,366,1273,5/7/2011,1284,9/14/2011,376,1175,9/17/2011,1366,5/2/2012,397,756,6/9/2012,1374,9/11/2012,499,1182,9/15/2012,1469,5/1/2013,442,1637,5/4/2013,1402,9/25/2013,506,1561,9/21/2013,1309,5/20/2014,440,1605,05/31/2014 07:00:00 AM +0000,1816,9/4/2014,518,1497,9/6/2014,1340,5/13/2015,462,1528,5/16/2015,1272
POINT (-73.95802234844952 40.71755737770773),14,Brooklyn,Bedford Avenue,North 7th Street,North 6th Street,Y,5/8/2007,1852,4462,5/5/2007,3432,9/25/2007,1875,3619,9/29/2007,3254,4/30/2008,1823,4299,5/3/2008,3526,9/10/2008,1951,4778,9/13/2008,4048,5/19/2009,1544,5501,5/9/2009,4110,9/10/2009,2001,5136,10/3/2009,4045,5/13/2010,2179,5234,5/1/2010,4727,9/15/2010,1773,5090,9/11/2010,4184,5/5/2011,2434,6391,5/7/2011,5872,9/15/2011,2109,5692,9/10/2011,3690,6/7/2012,2817,4144,6/16/2012,5649,9/13/2012,1984,6429,9/22/2012,5619,5/2/2013,2300,6527,5/4/2013,6351,9/25/2013,2593,6261,9/21/2013,5405,5/13/2014,2585,6453,05/31/2014 07:00:00 AM +0000,4951,9/9/2014,3463,7600,9/6/2014,5494,5/12/2015,2765,7266,5/9/2015,4585
POINT (-73.96276340616201 40.577327141499154),15,Brooklyn,Brighton Beach Avenue,Brighton 4th Street,Brighton 5th Street,Y,5/8/2007,1204,5968,5/5/2007,5178,9/25/2007,1215,6095,9/29/2007,5230,4/30/2008,2002,7419,5/17/2008,7729,9/23/2008,1828,6420,9/27/2008,5920,5/19/2009,1411,6106,5/9/2009,5935,9/10/2009,1537,5590,10/3/2009,6140,5/13/2010,1332,5744,5/8/2010,4994,10/7/2010,1489,6080,9/25/2010,5098,5/12/2011,1427,5859,5/14/2011,4093,9/8/2011,1608,5520,9/24/2011,5463,5/2/2012,1183,3189,6/9/2012,4868,9/11/2012,1447,5272,9/15/2012,5747,5/2/2013,1515,5960,5/18/2013,5442,10/2/2013,1424,6068,9/28/2013,5397,5/7/2014,1596,6037,05/10/2014 07:00:00 AM +0000,4804,9/9/2014,1752,6397,9/6/2014,4453,5/21/2015,1368,6314,5/9/2015,4918
POINT (-73.9490813369248 40.65083146771742),16,Brooklyn,Church Avenue,Nostrand Avenue,East 31st Street,Y,5/8/2007,2105,4562,5/5/2007,1703,9/25/2007,2267,4737,9/29/2007,2517,5/1/2008,1681,3702,5/10/2008,2147,9/23/2008,2290,3962,9/27/2008,2015,5/19/2009,2086,4620,5/9/2009,1971,9/10/2009,2045,4470,10/3/2009,1885,5/13/2010,2040,4764,5/8/2010,2533,9/15/2010,2265,4908,9/25/2010,2894,5/5/2011,2309,4858,5/21/2011,2628,9/15/2011,2151,4220,9/24/2011,1927,5/31/2012,1268,1113,6/2/2012,3157,9/13/2012,1966,4452,9/22/2012,2540,5/7/2013,2557,4871,6/1/2013,3267,10/3/2013,3074,6095,10/12/2013,3235,5/13/2014,2453,5196,05/03/2014 07:00:00 AM +0000,2016,10/2/2014,2792,4516,9/13/2014,2768,5/21/2015,1925,4137,5/9/2015,2528
POINT (-73.96573732115328 40.64062739307867),17,Brooklyn,Cortelyou Road,Argyle Road,Rugby Road,N,5/8/2007,1708,2459,5/5/2007,1233,9/26/2007,1324,2495,9/29/2007,1431,5/7/2008,1756,1952,5/17/2008,1317,9/23/2008,2014,2704,9/27/2008,1961,5/19/2009,1762,2478,5/9/2009,1553,9/10/2009,1856,2345,10/3/2009,1533,5/4/2010,2110,2977,5/1/2010,1731,9/8/2010,2587,2997,9/18/2010,1809,5/3/2011,2195,3492,5/14/2011,1883,9/14/2011,2489,3097,9/17/2011,1823,5/30/2012,2120,2381,5/12/2012,1854,9/13/2012,2295,3066,9/22/2012,1755,5/7/2013,2060,2936,6/1/2013,1938,10/8/2013,1743,2692,10/12/2013,1543,5/13/2014,1828,3007,05/03/2014 07:00:00 AM +0000,1694,9/16/2014,1876,2878,9/13/2014,1486,5/6/2015,1880,3042,5/9/2015,1544
POINT (-73.99249336775782 40.689425378246746),18,Brooklyn,Court Street,Atlantic Avenue,Pacific Street,Y,5/8/2007,1910,3716,5/5/2007,3013,9/25/2007,1920,3508,9/29/2007,2293,5/8/2008,1590,3486,5/17/2008,2319,9/17/2008,1763,3553,9/13/2008,2540,5/20/2009,1727,4225,5/9/2009,2863,9/10/2009,1223,2992,10/3/2009,2640,5/4/2010,1573,4214,5/1/2010,2662,9/14/2010,1659,4621,9/18/2010,3028,5/12/2011,2320,4597,5/7/2011,3887,9/14/2011,2096,3915,9/17/2011,4100,5/2/2012,1740,2405,6/9/2012,3274,9/11/2012,1932,4402,9/15/2012,3863,5/16/2013,1687,5174,5/18/2013,3605,9/25/2013,1952,5266,9/21/2013,3787,5/20/2014,1844,4426,05/31/2014 07:00:00 AM +0000,4856,9/4/2014,2126,4943,9/6/2014,4048,5/13/2015,1761,4714,5/16/2015,7496
POINT (-73.96818725047238 40.672925237190015),19,Brooklyn,Eastern Parkway,Plaza Street East,Underhill Avenue,Y,5/8/2007,739,1572,5/5/2007,2534,9/25/2007,543,1152,9/29/2007,1027,5/1/2008,643,1367,5/10/2008,2999,9/10/2008,785,1274,9/13/2008,1759,5/20/2009,629,880,5/9/2009,2408,9/10/2009,755,1496,10/3/2009,3102,5/4/2010,577,1647,5/1/2010,2951,9/8/2010,812,1695,9/18/2010,2738,5/5/2011,412,1792,4/30/2011,4699,9/7/2011,525,1094,9/17/2011,2670,5/31/2012,571,1133,6/9/2012,2024,9/11/2012,1228,1623,9/15/2012,1842,5/2/2013,970,2269,5/4/2013,4276,10/3/2013,752,2010,10/5/2013,3458,5/13/2014,687,2127,05/31/2014 07:00:00 AM +0000,3828,9/30/2014,1026,1931,9/13/2014,2565,5/27/2015,824,1884,5/30/2015,2511
POINT (-73.92149523123616 40.608920821455186),20,Brooklyn,Flatbush Avenue,Avenue U,Avenue V,N,5/9/2007,329,1770,5/5/2007,1355,9/25/2007,276,1414,9/29/2007,1036,5/8/2008,254,1401,5/17/2008,1473,9/24/2008,286,2034,9/27/2008,1238,5/20/2009,251,1243,5/9/2009,1251,9/10/2009,436,1573,10/3/2009,1398,5/4/2010,424,1731,5/1/2010,1563,9/14/2010,214,1155,9/18/2010,989,5/11/2011,269,1083,5/7/2011,1283,9/14/2011,184,1079,9/17/2011,870,5/2/2012,197,1071,6/9/2012,1765,9/13/2012,347,1554,9/22/2012,1757,5/16/2013,312,1827,5/4/2013,2077,9/24/2013,307,1219,9/28/2013,2014,5/13/2014,325,1618,05/03/2014 07:00:00 AM +0000,1919,9/9/2014,273,1622,9/13/2014,1500,5/6/2015,453,1661,5/9/2015,1523
POINT (-73.958821842278 40.65081053674954),21,Brooklyn,Flatbush Avenue,Martense Street,Church Avenue,Y,5/10/2007,978,5240,5/5/2007,5106,9/25/2007,917,4188,9/29/2007,3097,4/30/2008,772,3181,5/10/2008,2023,9/24/2008,1101,5312,9/27/2008,2351,5/20/2009,795,5640,5/9/2009,1985,9/10/2009,1029,4897,10/3/2009,3047,5/13/2010,1311,4775,5/8/2010,2678,9/23/2010,1186,4813,9/11/2010,4735,5/4/2011,837,3982,5/14/2011,2197,9/20/2011,978,4959,9/17/2011,3917,5/22/2012,605,482,6/2/2012,1855,9/13/2012,1011,4044,9/22/2012,3530,5/7/2013,1068,4481,6/1/2013,3463,10/3/2013,1046,4091,10/12/2013,3695,5/13/2014,912,4854,05/10/2014 07:00:00 AM +0000,2505,10/2/2014,960,3974,9/6/2014,2338,5/6/2015,858,3832,5/16/2015,3665
POINT (-73.97390965382404 40.67918699313477),22,Brooklyn,Flatbush Avenue,St. Marks Avenue,Prospect Place,N,5/17/2007,497,1413,5/5/2007,1478,9/25/2007,547,1095,9/29/2007,1191,4/30/2008,477,1675,5/3/2008,1211,9/10/2008,582,1645,9/13/2008,1204,5/20/2009,544,1499,5/9/2009,1378,9/10/2009,539,1568,10/3/2009,1223,5/4/2010,584,1462,5/1/2010,1787,9/8/2010,529,1616,9/18/2010,1168,5/19/2011,566,1794,4/30/2011,1568,9/7/2011,513,1909,9/17/2011,1336,5/10/2012,1435,1672,5/19/2012,2007,9/11/2012,645,1723,9/15/2012,1727,5/2/2013,527,2083,5/4/2013,2233,10/3/2013,759,2257,10/5/2013,1631,5/14/2014,631,1795,05/31/2014 07:00:00 AM +0000,1920,10/2/2014,729,1660,9/13/2014,1583,5/27/2015,699,2090,5/30/2015,1699
POINT (-73.98588670734846 40.69087186438648),23,Brooklyn,Fulton Street,Lawrence Street,Bridge Street,Y,5/17/2007,1478,12249,5/5/2007,7411,9/26/2007,1803,14617,9/29/2007,8643,5/8/2008,1789,15733,5/17/2008,5051,9/17/2008,1673,9081,9/13/2008,6790,5/21/2009,1548,11949,5/9/2009,6307,9/10/2009,1330,11540,10/3/2009,7892,5/4/2010,1209,9358,5/1/2010,7390,9/15/2010,1271,10239,9/18/2010,6091,5/11/2011,1507,9556,5/7/2011,6993,9/15/2011,1507,8732,9/17/2011,5690,5/30/2012,1431,4254,6/9/2012,3267,9/12/2012,1791,9605,9/22/2012,6033,5/1/2013,1858,11211,6/1/2013,6932,9/25/2013,1981,11392,9/21/2013,6045,5/20/2014,1865,10265,05/31/2014 07:00:00 AM +0000,6022,9/4/2014,2014,11906,9/6/2014,5999,5/13/2015,2006,11648,5/16/2015,7232
POINT (-73.94255463338312 40.70340826463379),24,Brooklyn,Graham Avenue,Moore Street,Varet Street,Y,5/8/2007,864,3732,5/5/2007,2863,9/25/2007,854,3322,9/29/2007,3785,4/30/2008,740,3066,5/3/2008,2552,9/10/2008,793,2814,9/13/2008,3020,5/21/2009,1025,4689,5/9/2009,3161,9/10/2009,734,3071,10/3/2009,2370,5/13/2010,867,2880,5/8/2010,2940,9/15/2010,885,2710,9/18/2010,2807,5/5/2011,882,4629,5/7/2011,2751,9/20/2011,1031,4959,9/17/2011,1953,6/6/2012,886,2172,6/9/2012,607,9/13/2012,995,4250,9/22/2012,4025,5/2/2013,818,4435,5/4/2013,4035,9/25/2013,905,3921,11/9/2013,3626,5/13/2014,995,4051,05/10/2014 07:00:00 AM +0000,4952,10/9/2014,944,4006,9/6/2014,3491,5/12/2015,742,3493,5/9/2015,3812
POINT (-73.94466680434157 40.711569220330276),25,Brooklyn,Grand Street,Manhattan Avenue,Graham Avenue,N,5/9/2007,401,1772,5/5/2007,1305,9/25/2007,918,3090,9/29/2007,1893,4/30/2008,359,1063,5/3/2008,729,9/10/2008,488,1106,9/13/2008,1392,5/21/2009,316,980,5/9/2009,817,9/10/2009,365,1468,10/3/2009,1303,5/13/2010,495,1563,5/8/2010,1326,9/14/2010,593,1446,9/18/2010,1304,5/5/2011,316,1433,5/7/2011,1228,9/20/2011,554,2174,9/17/2011,1199,6/7/2012,465,829,6/9/2012,1352,9/13/2012,411,1249,9/22/2012,1117,5/2/2013,479,1596,5/4/2013,1655,9/25/2013,526,1571,9/21/2013,1280,5/13/2014,632,1857,05/31/2014 07:00:00 AM +0000,1680,10/2/2014,573,1537,9/6/2014,1363,5/12/2015,487,1446,5/9/2015,1233
POINT (-73.98727479290575 40.69272414021878),26,Brooklyn,Jay Street,Willoughby Street,Metrotech Walk,Y,5/17/2007,1946,3552,5/5/2007,3066,9/25/2007,3280,6321,9/29/2007,1478,5/8/2008,2636,5102,5/17/2008,1024,9/17/2008,2770,4956,9/13/2008,1435,5/21/2009,2519,5538,5/16/2009,1383,9/10/2009,2856,3665,10/3/2009,962,5/4/2010,3201,8284,5/1/2010,2572,9/23/2010,2384,3781,9/18/2010,1496,5/11/2011,2259,3458,5/7/2011,1530,9/14/2011,3240,4962,9/17/2011,1756,6/7/2012,2850,3362,5/19/2012,2432,9/12/2012,4210,7426,9/22/2012,2605,5/1/2013,3758,6695,6/1/2013,2367,9/25/2013,3960,6873,9/21/2013,1852,5/20/2014,2846,5959,05/31/2014 07:00:00 AM +0000,2379,9/11/2014,2439,4358,9/6/2014,1863,5/13/2015,4151,6908,5/16/2015,2361
POINT (-73.95959352755622 40.608201460936),27,Brooklyn,Kings Highway,East 13th Street,East 14th Street,N,5/17/2007,1368,4727,5/5/2007,2866,9/25/2007,887,3524,9/29/2007,2125,5/1/2008,1382,4287,5/3/2008,2699,9/24/2008,1541,5990,9/27/2008,3059,5/21/2009,1156,5009,5/16/2009,3390,9/10/2009,1766,5651,10/3/2009,3174,5/5/2010,1507,5041,5/8/2010,2966,10/7/2010,1479,5117,9/25/2010,2562,5/10/2011,1980,5447,5/14/2011,2886,9/20/2011,2126,5995,9/24/2011,3610,6/6/2012,1476,3426,6/9/2012,1996,9/12/2012,1744,5673,10/20/2012,2766,5/21/2013,1552,5581,6/1/2013,2585,10/1/2013,2397,6054,9/28/2013,3471,5/20/2014,1512,4987,06/07/2014 07:00:00 AM +0000,2657,9/11/2014,1636,5081,9/20/2014,2890,6/3/2015,1653,4708,5/9/2015,2592
POINT (-73.99336426671388 40.694534861508515),28,Brooklyn,Montague Street,Henry Street,Clinton Street,Y,5/8/2007,1476,4567,5/5/2007,2914,9/25/2007,1438,4231,9/29/2007,2842,5/8/2008,1363,4318,5/17/2008,2863,9/17/2008,1547,3762,9/13/2008,3672,5/21/2009,1202,4089,5/16/2009,3078,9/10/2009,1249,3849,10/3/2009,2520,5/4/2010,1393,3896,5/1/2010,3660,9/15/2010,1365,5372,9/18/2010,2802,5/11/2011,1374,5441,5/7/2011,3659,9/15/2011,1595,4564,9/17/2011,3754,5/30/2012,1496,2920,6/2/2012,3453,9/12/2012,1482,4532,9/15/2012,4419,5/16/2013,1251,4861,5/18/2013,3189,9/25/2013,1247,3998,9/21/2013,2795,5/20/2014,1389,4766,05/31/2014 07:00:00 AM +0000,2946,9/11/2014,1235,3737,9/6/2014,2920,6/2/2015,1404,4932,5/9/2015,3042
POINT (-73.96931991427783 40.69311464675988),29,Brooklyn,Myrtle Avenue,Vanderbilt Avenue,Clinton Avenue,N,-,0,0,-,0,9/25/2007,1129,1818,9/29/2007,1182,4/30/2008,735,1131,5/3/2008,856,-,0,0,-,0,5/21/2009,622,1689,5/16/2009,1135,9/10/2009,609,1272,10/10/2009,1122,5/13/2010,660,1565,5/8/2010,1237,9/14/2010,955,1315,9/25/2010,1366,5/5/2011,1055,2432,5/7/2011,1329,9/20/2011,1073,2129,9/24/2011,1228,6/6/2012,601,1363,6/9/2012,1764,9/13/2012,1040,2223,9/22/2012,1705,5/1/2013,1182,2214,5/4/2013,1843,11/6/2013,1380,2585,10/5/2013,1717,5/13/2014,1090,3713,05/03/2014 07:00:00 AM +0000,1457,9/17/2014,812,1561,9/20/2014,2025,5/12/2015,1271,2267,5/9/2015,1456
POINT (-73.99399680760817 40.70274648278771),30,Brooklyn,Old Fulton Street,Elizabeth Place,Everit Place,N,5/15/2007,141,600,5/12/2007,875,9/26/2007,397,783,9/29/2007,658,5/8/2008,98,758,5/17/2008,807,9/17/2008,133,923,9/13/2008,1128,5/21/2009,103,248,5/16/2009,1178,9/10/2009,67,332,10/3/2009,1349,5/13/2010,116,996,5/1/2010,1644,9/15/2010,157,1382,9/18/2010,1846,5/11/2011,143,1185,5/7/2011,1588,9/15/2011,178,984,9/17/2011,1604,5/31/2012,222,990,6/2/2012,1773,9/12/2012,173,1260,9/22/2012,2572,5/16/2013,210,3134,5/4/2013,2325,9/25/2013,253,1620,10/5/2013,2438,5/20/2014,208,1835,05/31/2014 07:00:00 AM +0000,2578,9/11/2014,183,2174,9/6/2014,2185,5/27/2015,326,2888,5/9/2015,4052
POINT (-73.91307856842985 40.6693345619301),31,Brooklyn,Pitkin Avenue,Bristol Street,Hopkinson Avenue,Y,5/15/2007,572,3355,5/12/2007,2720,9/26/2007,686,3312,9/29/2007,3131,5/7/2008,546,3372,5/17/2008,3254,9/24/2008,658,2555,9/20/2008,2584,5/21/2009,601,3753,5/16/2009,1628,9/10/2009,664,3174,10/3/2009,2270,5/4/2010,669,4368,5/1/2010,3276,9/14/2010,980,2255,9/25/2010,2530,5/5/2011,666,3112,5/21/2011,2657,9/8/2011,518,1647,9/24/2011,1230,5/16/2012,627,2010,6/9/2012,2518,9/13/2012,840,3388,9/22/2012,2534,5/2/2013,744,3365,5/4/2013,2631,10/1/2013,1791,3873,9/21/2013,2863,5/13/2014,672,2262,05/03/2014 07:00:00 AM +0000,1622,9/9/2014,757,2441,9/6/2014,1922,5/21/2015,938,2343,5/30/2015,2222
POINT (-73.95475091689505 40.5875434048519),32,Brooklyn,Sheepshead Bay Road,East 14th Street,East 15th Street,Y,5/16/2007,1580,2215,5/19/2007,1785,9/25/2007,1205,2953,9/29/2007,1848,5/7/2008,1579,3289,5/10/2008,1781,9/24/2008,1546,3624,9/20/2008,2003,5/21/2009,1582,3094,5/23/2009,1967,9/10/2009,1676,3513,10/3/2009,1448,5/26/2010,1614,3663,5/15/2010,1784,9/23/2010,1654,2423,9/25/2010,1327,5/10/2011,1554,3453,5/14/2011,1893,9/8/2011,1932,3776,9/24/2011,1395,5/2/2012,1881,2229,6/9/2012,1706,9/11/2012,1729,3396,9/15/2012,1825,5/21/2013,1541,2855,6/1/2013,1271,10/1/2013,1618,3041,9/21/2013,1557,5/8/2014,1418,2627,05/10/2014 07:00:00 AM +0000,1366,9/17/2014,1543,2706,9/20/2014,1381,5/6/2015,1576,3211,5/30/2015,1220
POINT (-74.01511472616961 40.6754655968834),33,Brooklyn,VanBrunt Street,Beard Street,VanDike Street,N,5/15/2007,90,232,5/19/2007,170,9/25/2007,112,317,9/29/2007,235,5/8/2008,138,380,5/17/2008,220,9/23/2008,138,490,9/20/2008,269,5/21/2009,112,186,5/23/2009,105,9/10/2009,100,204,10/3/2009,251,5/13/2010,92,91,5/8/2010,264,9/15/2010,151,304,9/25/2010,267,5/10/2011,90,251,5/7/2011,380,9/8/2011,123,246,9/24/2011,425,6/6/2012,110,516,5/12/2012,183,9/11/2012,112,303,9/15/2012,493,5/14/2013,101,290,5/18/2013,300,10/2/2013,123,309,9/21/2013,469,5/14/2014,68,260,05/10/2014 07:00:00 AM +0000,350,9/11/2014,85,336,9/6/2014,351,5/12/2015,111,295,5/30/2015,468
POINT (-73.9896033021975 40.70286152715003),34,Brooklyn,Washington Street,Front Street,Water Street,N,5/10/2007,546,1387,5/5/2007,851,9/26/2007,556,1550,9/29/2007,826,5/8/2008,544,1476,5/17/2008,1390,9/17/2008,549,1976,9/13/2008,833,5/21/2009,1181,995,5/23/2009,1264,9/10/2009,977,1188,10/3/2009,1170,5/4/2010,525,1892,5/1/2010,1576,9/15/2010,466,2048,9/18/2010,809,5/12/2011,558,2508,5/7/2011,1232,9/15/2011,732,1972,9/17/2011,1469,6/5/2012,604,1557,6/9/2012,1002,9/12/2012,257,1371,9/22/2012,1406,5/1/2013,742,3009,6/1/2013,1408,9/25/2013,849,2156,9/21/2013,1547,5/20/2014,737,3362,05/31/2014 07:00:00 AM +0000,1691,9/11/2014,780,3184,9/6/2014,1349,5/28/2015,487,1799,5/9/2015,1588
POINT (-74.01155687409954 40.70463665187375),35,Manhattan,Broad Street,Beaver Street,South William Street,Y,5/9/2007,3469,3992,5/19/2007,599,9/26/2007,4214,12879,9/29/2007,8077,5/8/2008,4231,7042,5/17/2008,1157,9/25/2008,3906,7307,9/6/2008,1171,5/21/2009,4745,5954,5/23/2009,1112,9/22/2009,2421,6724,9/12/2009,1030,5/4/2010,3696,5944,5/8/2010,737,9/23/2010,4013,6014,9/25/2010,922,5/18/2011,3879,6839,5/7/2011,853,9/8/2011,4254,5989,9/24/2011,1681,5/23/2012,4495,4437,6/9/2012,1175,9/12/2012,4302,6257,9/15/2012,1341,5/1/2013,2865,4874,5/18/2013,1273,10/3/2013,3758,5843,9/28/2013,1466,5/6/2014,3666,5845,05/03/2014 07:00:00 AM +0000,1149,9/16/2014,3383,5154,9/6/2014,954,5/12/2015,4177,6445,5/9/2015,993
POINT (-74.01286204592041 40.70634164448272),36,Manhattan,Broadway,Morris Street,Exchange Place,Y,5/16/2007,3660,8390,5/19/2007,2361,9/26/2007,4507,15554,9/29/2007,12748,4/30/2008,3110,7880,5/17/2008,4098,9/25/2008,4483,11912,9/6/2008,3528,5/21/2009,3085,7169,5/23/2009,5281,9/22/2009,5206,12034,9/12/2009,6513,5/13/2010,4896,11032,5/8/2010,3907,9/8/2010,4644,10890,9/18/2010,6569,5/12/2011,4357,9628,5/14/2011,4097,9/8/2011,3838,10699,9/17/2011,6962,5/31/2012,5462,9308,6/9/2012,5350,10/17/2012,5021,12183,9/15/2012,6297,5/2/2013,4964,12371,5/18/2013,6990,10/3/2013,5121,11809,9/21/2013,7564,5/20/2014,5744,12666,05/03/2014 07:00:00 AM +0000,7947,9/17/2014,5732,16251,9/6/2014,4691,5/13/2015,5416,14507,5/30/2015,8321
POINT (-73.98219706247889 40.7718134030119),37,Manhattan,Broadway,West 63rd Street,West 64th Street,Y,5/17/2007,1611,6764,5/12/2007,4592,9/26/2007,1805,5674,9/29/2007,4111,4/29/2008,1293,6024,5/10/2008,5804,9/24/2008,2616,8454,9/20/2008,5178,5/21/2009,1620,2654,5/23/2009,5207,9/22/2009,2718,6600,9/12/2009,4236,5/4/2010,1988,8750,5/15/2010,5390,9/8/2010,2447,9057,9/11/2010,6147,5/10/2011,1999,8878,4/30/2011,5799,9/7/2011,1687,7388,9/10/2011,4793,5/2/2012,2086,4690,6/9/2012,8376,10/18/2012,1881,8696,9/22/2012,6809,5/1/2013,1986,9375,5/4/2013,6034,10/2/2013,2577,9566,10/5/2013,7064,5/13/2014,1775,7707,05/03/2014 07:00:00 AM +0000,5919,9/4/2014,2686,7916,9/20/2014,4462,5/21/2015,1870,8996,5/16/2015,7676
POINT (-74.01009312926126 40.71590455900424),38,Manhattan,Chambers Street,West Broadway,Greenwich Street,Y,5/16/2007,7081,8512,5/19/2007,2061,9/26/2007,7192,8513,9/29/2007,5204,4/30/2008,6556,10440,5/17/2008,2145,9/25/2008,5333,5097,9/6/2008,2675,5/27/2009,7466,10866,5/23/2009,1696,9/22/2009,8091,8273,9/12/2009,1612,5/4/2010,6318,9575,5/1/2010,6305,9/23/2010,8909,11065,9/25/2010,2983,5/5/2011,6905,11192,5/14/2011,2677,9/8/2011,14456,11407,9/24/2011,4674,5/30/2012,5765,4266,6/9/2012,2939,9/12/2012,8185,10981,9/15/2012,4144,5/2/2013,7735,9680,5/18/2013,4100,10/2/2013,8232,9661,9/21/2013,3627,5/13/2014,8140,10248,05/10/2014 07:00:00 AM +0000,1580,9/4/2014,8806,10478,9/13/2014,1538,5/13/2015,8324,9689,5/9/2015,2422
POINT (-73.9771357990802 40.77968082763135),39,Manhattan,Columbus Avenue,West 75th Street,West 76th Street,N,5/17/2007,1071,3037,5/12/2007,3500,9/26/2007,1189,2748,9/29/2007,2523,4/29/2008,895,2385,5/10/2008,3910,9/24/2008,1172,3306,9/20/2008,3171,5/27/2009,1041,1761,5/23/2009,3084,9/22/2009,2248,4408,9/12/2009,2629,5/4/2010,1507,3464,5/15/2010,3633,9/15/2010,1632,3907,9/11/2010,3407,5/10/2011,1520,4024,4/30/2011,4157,9/8/2011,1497,3598,9/10/2011,2442,5/2/2012,1603,2283,5/5/2012,3703,9/12/2012,1601,3898,9/22/2012,4216,5/1/2013,1676,4358,5/4/2013,4968,10/2/2013,1646,3998,10/5/2013,4070,5/13/2014,1451,4420,05/03/2014 07:00:00 AM +0000,4246,9/4/2014,1633,3272,9/13/2014,3271,5/6/2015,1218,4604,5/9/2015,6597
POINT (-73.98936305063118 40.71898935935359),40,Manhattan,Delancey Street,Orchard Street,Ludlow Street,Y,5/10/2007,1085,2733,5/19/2007,2529,9/26/2007,1433,4104,9/29/2007,2701,5/8/2008,1015,2947,5/17/2008,2718,9/11/2008,958,2218,9/13/2008,1635,5/27/2009,869,1680,5/23/2009,1378,9/22/2009,1664,4708,9/12/2009,2233,5/4/2010,940,2702,5/1/2010,2093,9/14/2010,1396,2912,9/18/2010,1861,5/4/2011,1036,2741,4/30/2011,2119,9/13/2011,969,2606,9/10/2011,1592,5/31/2012,1451,2495,6/9/2012,2514,9/12/2012,1616,4262,9/15/2012,3385,5/2/2013,1472,4415,5/4/2013,3776,10/2/2013,1594,4278,10/5/2013,2951,5/7/2014,1558,4792,05/10/2014 07:00:00 AM +0000,2809,9/18/2014,1636,4480,9/13/2014,2626,5/6/2015,1357,4543,5/16/2015,3367
POINT (-73.9926574847109 40.73559926423829),41,Manhattan,East 14th Street,Fifth Avenue,University Place,Y,5/17/2007,2265,13723,5/12/2007,4761,9/26/2007,2084,13965,9/29/2007,5004,5/6/2008,3000,11119,5/3/2008,10041,9/16/2008,2682,14451,9/13/2008,7391,5/27/2009,2946,17128,5/23/2009,7151,9/23/2009,3135,15654,9/12/2009,7300,5/5/2010,2480,13830,5/8/2010,6559,9/14/2010,2952,14895,9/11/2010,6008,5/12/2011,2726,18830,5/7/2011,9130,9/8/2011,2803,16102,9/10/2011,7005,5/31/2012,2607,8641,6/9/2012,8997,9/12/2012,2730,13560,9/22/2012,8102,5/1/2013,3034,17519,5/4/2013,8918,10/3/2013,2930,14597,10/5/2013,7377,5/20/2014,3029,12888,05/10/2014 07:00:00 AM +0000,8876,9/18/2014,3248,14486,9/6/2014,6765,5/21/2015,3462,13830,5/16/2015,9616
POINT (-73.97665547944722 40.75169473512388),42,Manhattan,East 42nd Street,Park Avenue,Lexington Avenue,Y,5/15/2007,7485,15513,5/12/2007,6239,9/26/2007,6664,16133,9/29/2007,4885,4/30/2008,6149,15315,5/3/2008,4689,9/25/2008,5437,13819,9/20/2008,6455,5/27/2009,8306,21051,5/23/2009,6303,9/23/2009,7433,20672,9/12/2009,5006,5/13/2010,7210,17256,5/8/2010,5715,9/23/2010,9320,16289,9/11/2010,5193,5/10/2011,7149,16756,4/30/2011,6308,9/13/2011,8729,16342,9/17/2011,5287,5/30/2012,8083,12937,6/9/2012,6480,9/11/2012,7362,16933,9/15/2012,6857,5/1/2013,7478,18085,5/4/2013,6703,10/2/2013,7700,17327,9/28/2013,7617,5/7/2014,8461,17127,05/31/2014 07:00:00 AM +0000,5692,9/23/2014,7278,18044,9/27/2014,4682,5/12/2015,8428,16039,5/9/2015,6560
POINT (-73.99441204702933 40.73143601770706),43,Manhattan,East 8th Street,University Place,Greene Street,N,5/17/2007,944,5422,5/12/2007,2254,9/26/2007,952,5782,9/29/2007,2736,5/6/2008,1052,6359,5/3/2008,3097,9/16/2008,975,5623,9/13/2008,2947,5/27/2009,884,4929,5/9/2009,2506,9/23/2009,1064,5810,9/12/2009,2736,5/5/2010,1035,5137,5/8/2010,2588,9/14/2010,1291,5350,9/11/2010,2367,5/12/2011,926,5171,5/7/2011,2968,9/8/2011,980,5290,9/10/2011,2417,5/31/2012,1134,2830,6/9/2012,2846,9/13/2012,1084,6025,9/22/2012,2600,5/1/2013,1111,5771,5/4/2013,2830,10/3/2013,1087,5550,10/5/2013,3066,5/22/2014,824,3902,05/10/2014 07:00:00 AM +0000,2237,9/16/2014,1200,5118,9/6/2014,2335,5/21/2015,1113,3873,5/16/2015,2756
POINT (-73.98861503057549 40.758848283521296),44,Manhattan,Eighth Avenue,West 44th Street,West 45th Street,N,5/15/2007,2735,8412,5/12/2007,12143,9/26/2007,8533,23290,9/29/2007,16629,4/30/2008,10246,33290,5/3/2008,13498,9/25/2008,5753,13671,9/20/2008,9753,5/27/2009,8366,16730,5/23/2009,5749,9/22/2009,7495,14628,9/12/2009,4423,5/6/2010,5196,16136,5/15/2010,8685,9/22/2010,3841,10130,9/11/2010,7476,5/18/2011,6058,20010,5/7/2011,7261,9/13/2011,5684,13805,9/17/2011,8406,5/30/2012,5608,13250,6/2/2012,9213,9/11/2012,6265,18303,9/22/2012,9065,5/1/2013,6561,19195,5/4/2013,9577,10/2/2013,6729,18822,9/28/2013,9879,5/13/2014,7027,17164,05/10/2014 07:00:00 AM +0000,7998,9/9/2014,7906,21946,9/6/2014,10243,5/13/2015,8133,22625,5/9/2015,8990
POINT (-73.97514418621742 40.761353610911776),45,Manhattan,Fifth Avenue,East 54th Street,East 55th Street,Y,5/15/2007,3081,16471,5/12/2007,13891,9/26/2007,3432,23840,9/29/2007,11707,4/30/2008,3974,25732,5/3/2008,18273,9/25/2008,4089,20929,9/20/2008,16307,5/27/2009,3385,20508,5/23/2009,10507,9/22/2009,8483,22495,9/12/2009,11485,5/4/2010,4013,18701,5/8/2010,12727,9/14/2010,3771,24601,9/11/2010,12752,5/12/2011,3285,26106,5/14/2011,12370,9/13/2011,3968,18993,9/17/2011,15946,5/30/2012,3189,14533,6/2/2012,13555,10/17/2012,3472,22800,9/15/2012,14405,5/7/2013,3858,20485,5/18/2013,15398,10/2/2013,3951,20202,10/5/2013,14353,5/13/2014,3616,20639,05/03/2014 07:00:00 AM +0000,16089,10/2/2014,3980,20528,9/13/2014,15513,5/12/2015,4113,26831,5/9/2015,12417
POINT (-73.99451531515774 40.71493552371378),46,Manhattan,Forsyth Street,Canal Street,Division Street,N,5/15/2007,1373,7481,5/12/2007,4703,9/26/2007,1290,3506,9/29/2007,3583,5/8/2008,1190,4763,5/17/2008,4504,9/16/2008,1598,5879,9/27/2008,5347,5/28/2009,1269,5187,5/23/2009,4981,9/22/2009,2184,6998,9/12/2009,3800,5/4/2010,1353,5832,5/1/2010,4961,10/7/2010,2660,4606,9/25/2010,3443,5/11/2011,1150,5796,5/14/2011,3298,9/13/2011,1217,5186,9/10/2011,2888,5/23/2012,1153,3570,6/2/2012,4359,9/12/2012,1537,5951,9/15/2012,4342,5/2/2013,1586,4688,5/4/2013,3965,11/6/2013,1671,4954,10/5/2013,3869,5/13/2014,1552,5110,05/03/2014 07:00:00 AM +0000,3810,9/18/2014,1517,5461,9/13/2014,3043,5/21/2015,1297,6222,5/16/2015,3029
POINT (-74.00840364867575 40.71055376746075),47,Manhattan,Fulton Street,Broadway,Nassau Street,Y,5/16/2007,4530,9162,5/19/2007,2495,9/26/2007,3446,5498,9/29/2007,1835,4/30/2008,4614,9415,5/17/2008,3553,9/16/2008,5041,9322,9/6/2008,2043,5/28/2009,5539,8901,5/23/2009,2464,9/22/2009,2544,6708,9/12/2009,2847,5/13/2010,3922,7398,5/15/2010,2319,9/23/2010,4280,8945,9/11/2010,4578,5/4/2011,3881,7535,5/14/2011,3855,9/8/2011,4137,10248,9/10/2011,4274,5/31/2012,4192,6091,6/9/2012,3172,9/12/2012,4635,9180,9/15/2012,3327,5/2/2013,4543,8727,5/18/2013,3473,10/2/2013,4216,7922,9/21/2013,3202,5/20/2014,3425,7732,05/31/2014 07:00:00 AM +0000,2698,9/23/2014,3457,7212,9/20/2014,1856,5/21/2015,3595,8002,5/9/2015,2259
POINT (-74.00451806937409 40.708062720957734),48,Manhattan,Fulton Street,Cliff Street,Pearl Street,N,5/10/2007,2593,6755,5/19/2007,3167,9/26/2007,1902,5113,9/29/2007,2637,5/8/2008,2112,8540,5/17/2008,4686,9/16/2008,2596,7309,9/6/2008,2888,5/28/2009,3544,7324,5/23/2009,2992,9/22/2009,2098,5479,9/12/2009,2685,5/13/2010,1982,6308,5/15/2010,2593,9/14/2010,2647,7119,9/25/2010,2502,5/19/2011,2633,8206,5/7/2011,5151,9/7/2011,2091,5561,9/24/2011,3650,5/30/2012,2611,4285,6/9/2012,3775,9/12/2012,2760,7767,9/15/2012,3652,5/1/2013,2887,7392,5/18/2013,4899,10/2/2013,2732,5578,9/28/2013,3251,5/7/2014,2466,5850,05/10/2014 07:00:00 AM +0000,2506,9/16/2014,2963,7062,9/13/2014,2510,5/6/2015,2584,5436,5/9/2015,3590
POINT (-73.96888735867243 40.76126460795228),49,Manhattan,Lexington Avenue,East 57th Street,East 58th Street,Y,5/15/2007,4502,21634,5/12/2007,5687,9/26/2007,4251,11296,9/29/2007,5302,4/29/2008,4034,20893,5/10/2008,6619,9/24/2008,4231,11009,9/27/2008,5962,5/28/2009,4122,8661,5/23/2009,5705,9/22/2009,3272,10679,9/12/2009,4786,5/5/2010,4123,11641,5/15/2010,4676,9/15/2010,5082,11880,9/11/2010,4208,5/10/2011,3742,12143,4/30/2011,5814,9/8/2011,3908,11014,9/10/2011,4528,5/17/2012,4678,8412,6/2/2012,4332,9/11/2012,4587,12345,9/22/2012,4900,5/1/2013,4138,12682,5/4/2013,5924,10/1/2013,4566,11639,10/5/2013,5661,5/13/2014,3800,14129,05/03/2014 07:00:00 AM +0000,5956,9/23/2014,4298,11716,9/20/2014,5628,5/28/2015,3205,8111,5/30/2015,5894
POINT (-73.96568512678539 40.771440622634564),50,Manhattan,Madison Avenue,East 71st Street,East 72nd Street,N,5/15/2007,667,3760,5/12/2007,3090,9/26/2007,680,3204,10/6/2007,2495,4/29/2008,571,4254,5/10/2008,3073,9/24/2008,1014,2687,9/27/2008,4099,5/28/2009,677,1726,5/23/2009,2088,9/23/2009,635,3250,9/12/2009,1817,5/5/2010,706,2918,5/15/2010,2830,9/15/2010,832,3114,9/11/2010,2340,5/10/2011,712,3602,4/30/2011,2895,9/8/2011,611,2998,9/10/2011,2159,5/2/2012,837,2238,5/5/2012,2492,9/11/2012,966,3899,9/22/2012,3283,5/1/2013,729,3183,5/4/2013,3102,10/2/2013,858,3034,10/5/2013,2455,5/13/2014,722,3912,05/03/2014 07:00:00 AM +0000,2633,9/4/2014,739,2983,9/20/2014,1630,5/6/2015,760,3247,5/30/2015,760
POINT (-73.99134284997095 40.74999638706657),51,Manhattan,Seventh Avenue,West 32nd Street,West 33rd Street,Y,5/15/2007,10084,25156,5/12/2007,9261,9/26/2007,8803,23825,10/6/2007,10476,4/30/2008,7566,23312,5/3/2008,11362,9/25/2008,8407,24311,9/20/2008,11704,5/28/2009,7356,29526,5/23/2009,12533,9/23/2009,13552,27632,9/12/2009,11537,5/5/2010,12189,22390,5/8/2010,10615,9/22/2010,8422,22613,9/11/2010,10902,5/19/2011,8954,23314,4/30/2011,10625,9/13/2011,11445,23015,9/10/2011,12765,5/30/2012,10782,18101,6/9/2012,12342,9/13/2012,13647,28208,9/15/2012,10690,5/2/2013,11898,26609,5/18/2013,11146,10/3/2013,12365,28392,10/5/2013,11374,5/20/2014,13677,26062,05/03/2014 07:00:00 AM +0000,11781,10/2/2014,12246,27744,9/20/2014,10281,5/14/2015,17191,35990,5/9/2015,50827
POINT (-74.0125753754199 40.70835161274037),52,Manhattan,Trinity Place,Rector Street,Thames Street,N,5/10/2007,4552,7164,5/5/2007,2286,9/26/2007,4982,14290,10/6/2007,9826,4/30/2008,4814,7983,5/17/2008,2754,9/25/2008,3362,5228,9/6/2008,1688,5/6/2009,2770,4090,5/23/2009,2393,9/23/2009,4886,5836,9/12/2009,2634,5/5/2010,2224,3889,5/8/2010,1808,10/7/2010,3107,4424,9/18/2010,2570,5/24/2011,2629,4933,4/30/2011,2270,9/8/2011,2701,4312,9/17/2011,3636,5/30/2012,2283,3602,6/9/2012,2734,9/12/2012,2821,4897,9/15/2012,3033,5/2/2013,2216,4530,5/18/2013,3238,10/3/2013,2512,4332,9/21/2013,2627,5/21/2014,2431,4504,05/10/2014 07:00:00 AM +0000,3980,9/17/2014,2346,5095,9/27/2014,1738,5/14/2015,3007,5964,5/9/2015,3744
POINT (-74.01098647762815 40.707335375590674),53,Manhattan,Wall Street,New Street,Nassau Street,Y,5/9/2007,3784,5560,5/5/2007,2733,9/26/2007,8065,14469,9/29/2007,8295,4/30/2008,6842,11264,5/17/2008,4814,9/25/2008,7476,15167,9/6/2008,4035,5/27/2009,6149,9608,5/23/2009,4402,9/23/2009,3506,12635,9/12/2009,5695,5/4/2010,6247,12186,5/1/2010,3755,9/28/2010,6885,14303,9/25/2010,4636,5/12/2011,6485,13176,4/30/2011,5906,9/8/2011,6219,13724,9/24/2011,6742,5/30/2012,6004,7844,6/9/2012,6167,9/12/2012,6733,11023,9/15/2012,5284,5/2/2013,5354,11111,5/18/2013,5430,10/3/2013,5405,10140,9/21/2013,5763,5/15/2014,6072,10741,05/31/2014 07:00:00 AM +0000,5827,9/9/2014,7981,11310,9/13/2014,4959,5/6/2015,5681,10717,5/30/2015,5430
POINT (-73.94703781905254 40.80842973710492),54,Manhattan,West 125th Street,Adam C. Powell Boulevard,Lenox Avenue,Y,5/9/2007,1706,7519,5/19/2007,3949,9/27/2007,1638,7546,9/29/2007,5084,5/8/2008,1921,7831,5/10/2008,5219,9/25/2008,2152,7681,9/27/2008,4484,5/6/2009,1277,8561,5/23/2009,3984,9/23/2009,2398,7903,9/12/2009,5492,5/4/2010,2042,7855,5/1/2010,7142,9/23/2010,2388,8710,9/18/2010,6443,5/19/2011,2231,8165,5/7/2011,6800,9/13/2011,2582,8638,9/17/2011,6698,5/2/2012,1900,5255,5/5/2012,5603,9/12/2012,2126,8851,9/15/2012,5540,5/7/2013,2121,9253,5/18/2013,5586,10/1/2013,2476,9667,10/5/2013,5256,5/15/2014,2123,8114,05/10/2014 07:00:00 AM +0000,5767,9/23/2014,1985,7754,9/20/2014,5434,5/6/2015,2308,8328,5/9/2015,5792
POINT (-74.00384095197933 40.740305392828965),55,Manhattan,West 14th Street,Hudson Street,Eighth Avenue,Y,5/17/2007,1540,5089,5/12/2007,2960,9/27/2007,1902,5474,10/6/2007,2337,5/6/2008,1520,6274,5/3/2008,2701,9/16/2008,1568,5664,9/13/2008,2936,5/6/2009,1360,6047,5/23/2009,2485,9/23/2009,2047,6649,9/12/2009,3890,5/5/2010,1458,6221,5/8/2010,3057,9/8/2010,2159,7055,9/11/2010,3974,5/12/2011,1800,8911,5/7/2011,4963,9/8/2011,1949,11166,9/10/2011,3514,5/31/2012,2106,4993,6/9/2012,4335,9/13/2012,2024,9462,9/22/2012,5285,5/1/2013,2078,9234,5/4/2013,5257,10/3/2013,2176,9180,10/5/2013,4950,5/21/2014,5272,11953,05/10/2014 07:00:00 AM +0000,6519,9/17/2014,2032,8263,9/6/2014,4419,5/27/2015,1935,8995,5/16/2015,4635
POINT (-73.93434784508344 40.84958094443508),56,Manhattan,West 181st Street,St. Nicholas Avenue,Wadsworth Avenue,Y,5/8/2007,1305,6516,5/19/2007,3281,9/25/2007,1685,5562,9/29/2007,4725,4/29/2008,1071,7420,5/10/2008,4174,9/16/2008,1238,7394,9/20/2008,4432,5/6/2009,1032,6680,5/23/2009,4881,9/23/2009,1212,8747,9/12/2009,3926,5/12/2010,1448,8364,5/15/2010,4679,9/14/2010,1212,7940,9/11/2010,5056,5/24/2011,1375,8257,5/21/2011,4476,9/13/2011,1198,8012,9/10/2011,5040,5/3/2012,1307,5254,6/9/2012,5567,9/13/2012,1245,6921,9/22/2012,7461,5/7/2013,1266,7442,5/18/2013,5704,10/1/2013,1321,7409,10/5/2013,6194,5/22/2014,1372,7225,05/31/2014 07:00:00 AM +0000,4492,10/2/2014,1399,7357,9/6/2014,6125,5/21/2015,1380,7230,5/30/2015,4512
POINT (-73.98934552114234 40.75045405486473),57,Manhattan,West 34th Street,Broadway,Seventh Avenue,Y,5/15/2007,12000,28123,5/12/2007,12528,9/27/2007,10326,32673,10/6/2007,14201,4/30/2008,12391,32736,5/3/2008,14646,9/25/2008,11051,29019,9/20/2008,16268,5/6/2009,12690,21943,5/23/2009,13971,9/23/2009,11941,27764,9/26/2009,12044,5/4/2010,13421,30544,5/15/2010,10055,9/23/2010,10010,30103,9/25/2010,9900,5/10/2011,9969,31701,4/30/2011,14182,9/13/2011,11279,27249,9/10/2011,11137,5/30/2012,13645,18969,6/2/2012,13790,9/11/2012,13348,26865,9/15/2012,13036,5/2/2013,11672,28348,5/18/2013,15594,10/3/2013,12232,30743,9/28/2013,13107,5/20/2014,15806,29150,05/03/2014 07:00:00 AM +0000,10806,9/9/2014,13152,25591,9/20/2014,12222,5/6/2015,12297,26852,5/9/2015,12297
POINT (-73.98335689692988 40.75284360634037),58,Manhattan,West 40th Street,Avenue of the Americas,Fifth Avenue,Y,5/15/2007,5454,11571,5/12/2007,2639,9/27/2007,5284,11208,10/6/2007,2606,4/30/2008,6019,10301,5/3/2008,2175,9/25/2008,6258,8616,9/20/2008,2905,5/6/2009,5064,10654,5/23/2009,1664,9/23/2009,6160,13985,9/26/2009,2136,5/6/2010,6479,11224,5/15/2010,2868,9/23/2010,7467,12457,9/11/2010,2417,5/19/2011,5540,11750,5/14/2011,2943,9/14/2011,6362,11933,9/10/2011,1973,5/30/2012,8340,8884,6/2/2012,2616,9/11/2012,7269,14127,9/15/2012,3055,5/1/2013,5930,12133,5/4/2013,2321,10/3/2013,6499,12234,10/5/2013,3167,5/13/2014,6020,12837,05/10/2014 07:00:00 AM +0000,1693,10/2/2014,7673,14418,9/20/2014,2779,5/20/2015,7085,13064,5/9/2015,2413
POINT (-73.9801796262234 40.75733848638992),59,Manhattan,West 47th Street,Avenue of the Americas,Fifth Avenue,N,5/15/2007,3897,14939,5/12/2007,2201,9/27/2007,3043,14487,10/6/2007,1475,5/6/2008,4899,13996,5/3/2008,1401,9/25/2008,2953,9805,9/20/2008,2389,5/6/2009,3463,10636,5/23/2009,2119,9/23/2009,3647,10736,9/26/2009,1862,5/5/2010,3972,12733,5/8/2010,1765,9/23/2010,3941,8928,9/11/2010,1736,5/12/2011,5618,11433,5/7/2011,2623,9/14/2011,3348,9064,9/10/2011,1763,5/30/2012,3620,8316,6/2/2012,2021,9/11/2012,3450,10003,9/22/2012,2170,5/1/2013,4463,11828,5/4/2013,2227,10/2/2013,4002,12205,9/28/2013,1978,5/6/2014,4090,13502,05/17/2014 07:00:00 AM +0000,2681,9/4/2014,5009,12687,9/13/2014,2559,5/14/2015,4041,12351,5/16/2015,2296
POINT (-73.96829307507056 40.75519022033237),60,Manhattan,Second Avenue,50th Street,51st Street,Y,5/15/2007,2335,5371,5/5/2007,2066,9/27/2007,2259,5431,10/6/2007,2047,5/7/2008,2077,4957,5/10/2008,1776,9/16/2008,2002,3574,9/6/2008,2202,5/5/2009,1605,4840,5/30/2009,1933,9/23/2009,1669,4029,9/26/2009,1493,5/6/2010,2091,4311,5/1/2010,2690,9/23/2010,2162,4299,9/11/2010,2031,5/4/2011,1853,4564,5/14/2011,2391,9/13/2011,2008,4548,9/10/2011,2181,5/17/2012,2159,3654,6/2/2012,2578,9/11/2012,2527,5238,9/15/2012,2767,5/2/2013,2425,5912,6/1/2013,2277,10/1/2013,2415,5529,9/28/2013,3284,5/22/2014,2507,5358,05/03/2014 07:00:00 AM +0000,2405,9/4/2014,2660,4863,9/27/2014,1616,5/6/2015,2257,5259,5/30/2015,1872
POINT (-73.97053303867003 40.75613758564416),61,Manhattan,Third Avenue,50th Street,51st Street,N,5/15/2007,5504,8447,5/12/2007,2827,9/27/2007,6329,11003,10/6/2007,2475,5/7/2008,4733,10036,5/10/2008,2296,9/16/2008,5547,15473,9/6/2008,2501,5/5/2009,3804,9823,5/30/2009,2537,9/23/2009,5516,11033,10/10/2009,2466,5/6/2010,5302,9590,5/1/2010,2648,9/22/2010,2350,7303,9/11/2010,2373,5/5/2011,5849,11011,5/21/2011,3397,9/13/2011,6198,10387,9/10/2011,2777,5/30/2012,5073,6995,6/2/2012,2766,9/11/2012,5778,11225,9/15/2012,2933,5/2/2013,5793,11707,6/1/2013,2738,10/1/2013,6457,12336,9/28/2013,3442,5/22/2014,5237,7708,05/03/2014 07:00:00 AM +0000,2825,9/4/2014,4063,7625,9/27/2014,2312,5/27/2015,5825,11919,5/30/2015,2274
POINT (-73.97213382742117 40.756810835163854),62,Manhattan,Lexington Avenue,50th Street,51st Street,N,5/15/2007,5730,10557,5/12/2007,4805,9/27/2007,5124,10010,10/6/2007,2600,5/7/2008,5659,12883,5/10/2008,2968,9/16/2008,6153,20071,9/27/2008,3229,5/5/2009,3614,7280,5/30/2009,3131,9/22/2009,4243,9235,10/10/2009,2768,5/6/2010,5812,12143,5/8/2010,2781,9/22/2010,4941,6260,9/25/2010,2481,5/5/2011,6003,12261,5/21/2011,2708,9/15/2011,4610,9722,9/10/2011,3331,5/30/2012,5610,7253,6/2/2012,3075,9/11/2012,6127,11630,9/15/2012,3781,5/14/2013,4876,9020,6/1/2013,3524,10/1/2013,6174,11573,10/5/2013,3613,5/21/2014,6038,13374,05/31/2014 07:00:00 AM +0000,4716,9/4/2014,7870,13083,9/27/2014,3056,5/27/2015,7312,13958,5/9/2015,3041
POINT (-73.9738528410478 40.757536248312135),63,Manhattan,Park Avenue,50th Street,51st Street,Y,5/15/2007,6824,10653,5/12/2007,2025,9/27/2007,7868,12535,10/6/2007,1137,5/7/2008,5201,10800,5/10/2008,1113,9/16/2008,6059,18973,9/6/2008,1460,5/5/2009,4068,8087,5/30/2009,1464,9/22/2009,5358,10971,10/10/2009,1560,5/6/2010,5342,10497,5/8/2010,1471,9/22/2010,4100,10317,9/11/2010,1538,5/25/2011,5118,9773,5/21/2011,1598,9/15/2011,6862,9879,9/10/2011,1985,5/30/2012,5774,6601,6/2/2012,1378,9/12/2012,6951,13358,9/22/2012,2125,5/14/2013,6103,10628,6/1/2013,1534,10/1/2013,6458,11376,9/28/2013,2239,5/21/2014,6896,12018,05/31/2014 07:00:00 AM +0000,1897,9/17/2014,4229,8301,10/11/2014,1001,5/28/2015,7063,10745,5/9/2015,1730
POINT (-73.97536263666152 40.758173430835214),64,Manhattan,Madison Avenue,50th Street,51st Street,N,5/15/2007,4204,9307,5/12/2007,3297,9/27/2007,3997,9188,10/6/2007,2239,5/7/2008,2407,5634,5/10/2008,2144,9/16/2008,3139,8742,9/6/2008,1643,5/26/2009,2498,7990,5/30/2009,2281,9/22/2009,4161,9773,10/10/2009,4224,5/6/2010,3589,9460,5/8/2010,2104,9/15/2010,2451,6184,9/25/2010,2054,5/24/2011,3694,8962,5/14/2011,2678,9/14/2011,3582,8710,9/10/2011,4161,5/30/2012,3903,6394,6/2/2012,2539,9/12/2012,3810,9559,9/22/2012,2740,5/14/2013,3806,9398,6/1/2013,2004,10/1/2013,4026,11649,9/28/2013,2676,5/22/2014,3943,8762,05/31/2014 07:00:00 AM +0000,2568,9/4/2014,3999,9766,10/11/2014,1974,5/28/2015,3422,10220,5/9/2015,2685
POINT (-73.97697246269058 40.75885135958745),65,Manhattan,Fifth Avenue,50th Street,51st Street,N,5/15/2007,5565,18855,5/12/2007,12954,9/27/2007,4759,14718,10/6/2007,11866,5/7/2008,5685,28077,5/10/2008,16851,9/16/2008,5006,20879,9/6/2008,14623,6/2/2009,3770,25268,5/30/2009,11494,9/22/2009,5019,20562,10/10/2009,11446,5/6/2010,4360,28429,5/8/2010,10440,9/23/2010,3503,16915,9/18/2010,13044,5/12/2011,4424,24803,5/14/2011,11311,9/14/2011,5211,18865,9/17/2011,13084,5/30/2012,3886,16819,6/2/2012,12325,9/12/2012,4642,25523,9/15/2012,16286,5/14/2013,4375,20567,5/18/2013,13542,10/2/2013,5217,20548,9/28/2013,11730,5/20/2014,4757,22388,05/31/2014 07:00:00 AM +0000,16189,9/17/2014,3900,16284,10/11/2014,10995,5/6/2015,5111,23968,5/9/2015,17081
POINT (-73.98019868261794 40.760211784509345),66,Manhattan,Sixth Avenue,50th Street,51st Street,N,5/15/2007,8288,17222,5/12/2007,7527,9/27/2007,9097,20504,10/6/2007,14386,5/1/2008,8627,23153,5/3/2008,7523,9/11/2008,7647,23605,9/13/2008,7729,6/2/2009,4880,14500,5/30/2009,5385,9/22/2009,8591,25013,10/10/2009,8340,5/5/2010,7753,22076,5/8/2010,7042,9/22/2010,7565,23463,9/25/2010,6787,5/5/2011,7109,17964,5/7/2011,6532,9/15/2011,6353,16219,9/24/2011,6910,5/30/2012,5885,11446,6/2/2012,4718,9/13/2012,6755,18750,9/22/2012,5962,5/14/2013,7344,21852,5/18/2013,9578,10/2/2013,8653,20989,10/5/2013,8928,5/15/2014,6754,20361,05/17/2014 07:00:00 AM +0000,8167,9/4/2014,7757,18925,9/27/2014,5550,5/28/2015,8382,19830,5/9/2015,7573
POINT (-73.98303507483836 40.761406118876636),67,Manhattan,Seventh Avenue,50th Street,51st Street,N,5/15/2007,4490,9683,5/12/2007,9375,9/27/2007,4952,13179,10/6/2007,6120,5/1/2008,6100,18254,5/3/2008,7303,9/11/2008,6446,20666,9/13/2008,9077,5/26/2009,4052,11765,5/30/2009,5383,9/23/2009,5238,21134,10/10/2009,8703,5/5/2010,4683,18116,5/8/2010,5245,9/22/2010,4730,18128,9/25/2010,4951,5/4/2011,3580,12448,5/14/2011,4956,9/15/2011,5207,11867,9/24/2011,6135,5/30/2012,4125,8700,6/2/2012,6298,9/13/2012,5521,15077,9/22/2012,6800,5/2/2013,5266,14066,5/4/2013,6575,10/1/2013,4947,12929,9/28/2013,5974,5/15/2014,4404,13341,05/17/2014 07:00:00 AM +0000,8216,9/17/2014,4307,13090,9/6/2014,6401,5/28/2015,4661,14752,5/9/2015,7617
POINT (-73.98383919698615 40.76174395517826),68,Manhattan,Broadway,50th Street,51st Street,Y,5/15/2007,3651,11214,5/12/2007,9134,9/27/2007,4158,12401,10/6/2007,9352,5/1/2008,2973,11426,5/3/2008,7308,9/11/2008,4316,14026,9/13/2008,8443,5/26/2009,3151,8475,5/30/2009,6386,9/23/2009,3934,11771,10/10/2009,8480,5/5/2010,3893,12065,5/8/2010,5874,9/22/2010,4222,13896,9/25/2010,6784,5/5/2011,3883,13185,5/14/2011,5734,9/15/2011,3680,11856,9/24/2011,5699,5/30/2012,3337,9640,6/2/2012,7974,9/13/2012,5221,13664,9/22/2012,7514,5/2/2013,3744,13639,5/4/2013,9366,10/1/2013,3841,13493,9/28/2013,7740,5/14/2014,3763,16899,05/17/2014 07:00:00 AM +0000,7208,9/9/2014,3693,9794,9/6/2014,6292,5/6/2015,3711,15263,5/30/2015,7523
POINT (-73.98589867014995 40.76257065006476),69,Manhattan,Eighth Avenue,50th Street,51st Street,N,5/15/2007,2817,7362,5/12/2007,5118,9/27/2007,3971,8561,10/6/2007,5391,5/1/2008,3752,10656,5/3/2008,5858,9/11/2008,4184,12792,9/13/2008,7798,5/26/2009,3054,9975,5/30/2009,4793,9/23/2009,3549,12643,10/10/2009,4837,5/5/2010,3513,10332,5/8/2010,4192,9/22/2010,3616,11171,9/25/2010,4140,5/25/2011,3465,11368,5/7/2011,4276,9/15/2011,3626,9549,9/24/2011,5309,5/30/2012,3403,7429,6/2/2012,5619,9/11/2012,3834,9893,9/15/2012,5097,5/2/2013,3858,12261,5/4/2013,6363,10/1/2013,4311,12194,9/28/2013,6721,5/14/2014,4178,15305,05/17/2014 07:00:00 AM +0000,8567,9/18/2014,3459,12050,10/11/2014,5719,5/6/2015,3675,12228,5/30/2015,8666
POINT (-73.99694382805043 40.76731243251928),70,Manhattan,Hudson River Greenway,50th Street,51st Street,N,5/15/2007,190,382,5/12/2007,310,9/27/2007,129,342,10/6/2007,363,5/1/2008,90,103,5/3/2008,186,9/11/2008,194,234,9/13/2008,216,5/26/2009,27,192,5/30/2009,64,9/23/2009,190,269,10/10/2009,436,5/5/2010,280,453,5/8/2010,201,9/22/2010,273,313,9/25/2010,469,5/11/2011,307,563,5/21/2011,487,9/15/2011,233,141,9/24/2011,1515,5/2/2012,255,118,5/5/2012,1948,9/11/2012,363,494,9/15/2012,832,5/2/2013,291,760,5/4/2013,2519,10/1/2013,362,639,9/28/2013,1043,5/8/2014,211,528,05/10/2014 07:00:00 AM +0000,985,9/17/2014,507,593,9/27/2014,1051,5/6/2015,241,620,5/9/2015,631
POINT (-73.79555468117462 40.706534269358265),71,Queens,165th Street,89th Avenue,Jamaica Avenue,N,5/17/2007,824,3972,5/12/2007,2800,9/26/2007,717,4789,10/6/2007,3429,4/29/2008,710,4372,5/10/2008,2787,9/11/2008,882,3550,9/6/2008,2237,5/7/2009,804,4812,5/30/2009,3254,9/15/2009,727,5177,10/10/2009,3428,5/12/2010,757,2814,5/22/2010,3621,10/7/2010,970,7848,9/25/2010,3875,5/12/2011,979,6751,5/7/2011,3698,9/22/2011,992,5450,9/24/2011,4133,5/10/2012,750,2898,5/12/2012,4713,9/11/2012,828,5531,10/20/2012,3311,5/16/2013,895,5050,5/18/2013,4363,9/25/2013,979,4207,9/21/2013,3073,5/22/2014,763,4317,05/03/2014 07:00:00 AM +0000,3923,10/2/2014,848,4106,9/20/2014,2048,5/12/2015,721,3827,5/16/2015,2517
POINT (-73.89225364571118 40.74891155301485),72,Queens,37th Avenue,73rd Street,74th Street,Y,5/17/2007,1002,4106,5/19/2007,3142,9/26/2007,1159,4398,10/6/2007,3500,5/1/2008,1058,4594,5/3/2008,3367,9/18/2008,1592,5184,9/20/2008,3561,5/7/2009,1236,4575,5/30/2009,2782,9/15/2009,988,3551,9/26/2009,2574,5/4/2010,1113,4116,5/1/2010,2710,9/22/2010,1361,4279,10/2/2010,3412,5/19/2011,1406,5929,5/7/2011,3648,9/14/2011,1410,5977,10/1/2011,2618,5/17/2012,1244,3408,5/5/2012,3457,10/17/2012,918,4761,9/22/2012,3605,5/2/2013,1210,3556,5/18/2013,3188,10/8/2013,1349,5683,10/12/2013,3742,5/14/2014,1347,4926,05/17/2014 07:00:00 AM +0000,2877,9/11/2014,1720,5356,9/27/2014,2660,5/6/2015,1215,4757,5/9/2015,2564
POINT (-73.88412639509394 40.748731550744075),73,Queens,82nd Street,37th Avenue,Roosevelt Avenue,Y,5/9/2007,1739,4753,5/12/2007,3114,9/26/2007,2933,8401,10/6/2007,6054,5/1/2008,2299,6851,5/3/2008,2650,9/18/2008,2130,3541,9/20/2008,5198,5/7/2009,2733,10839,5/30/2009,6515,9/15/2009,2545,7483,9/26/2009,4969,5/4/2010,2850,10144,5/1/2010,7431,9/22/2010,3949,14738,10/2/2010,7602,5/11/2011,2506,10249,5/7/2011,5125,9/20/2011,2649,9941,9/24/2011,5022,5/16/2012,2088,2972,5/19/2012,5854,9/12/2012,2642,8772,9/22/2012,6132,5/2/2013,2662,9288,5/18/2013,6726,10/8/2013,2674,8868,10/12/2013,6825,5/20/2014,2510,8668,06/07/2014 07:00:00 AM +0000,4657,9/11/2014,2888,8781,9/27/2014,4539,5/6/2015,2640,8479,5/9/2015,5501
POINT (-73.84534157919533 40.72036574481484),74,Queens,Austin Street,71st Ave,70th Road,Y,5/10/2007,622,4356,5/12/2007,2227,9/26/2007,514,3127,10/6/2007,2891,4/29/2008,1585,4355,5/3/2008,2433,9/16/2008,705,4216,9/27/2008,2469,5/7/2009,729,4351,5/30/2009,2420,9/15/2009,728,4407,9/26/2009,2891,5/13/2010,657,4232,5/15/2010,2388,10/7/2010,799,4039,9/25/2010,3631,5/12/2011,657,3971,5/14/2011,4326,9/20/2011,768,4435,9/10/2011,3200,5/2/2012,940,2985,5/5/2012,3954,9/11/2012,834,4530,9/11/2012,4376,5/1/2013,995,5334,5/4/2013,5522,10/3/2013,1166,5008,11/9/2013,4238,5/14/2014,787,4128,05/10/2014 07:00:00 AM +0000,3621,9/11/2014,840,4566,9/13/2014,3357,5/14/2015,1037,5267,5/9/2015,4120
POINT (-73.77114917957034 40.76393342115404),75,Queens,Bell Boulevard,40th Avenue,41st Avenue,N,5/10/2007,549,1578,5/19/2007,968,9/27/2007,597,1802,10/6/2007,1209,5/6/2008,469,1292,5/10/2008,1282,9/18/2008,513,1217,9/27/2008,1160,5/7/2009,481,1656,5/30/2009,785,9/15/2009,426,1506,9/26/2009,855,5/13/2010,553,1958,5/15/2010,1095,10/7/2010,650,1739,10/2/2010,800,5/18/2011,617,2106,5/7/2011,1562,9/20/2011,503,1836,9/24/2011,1020,5/24/2012,552,775,5/5/2012,1241,9/13/2012,576,1699,9/22/2012,1265,5/1/2013,496,1807,5/4/2013,1226,9/24/2013,497,1472,9/28/2013,1575,5/14/2014,754,1880,05/03/2014 07:00:00 AM +0000,1874,10/1/2014,815,2136,9/13/2014,950,5/27/2015,853,1644,5/30/2015,1962
POINT (-73.89530306861202 40.70287665998953),76,Queens,Fresh Pond Road,Cypress Hills Street,70th Avenue,N,5/9/2007,467,954,5/12/2007,649,9/27/2007,541,965,10/6/2007,565,5/1/2008,413,980,5/3/2008,414,9/16/2008,530,1028,9/27/2008,463,5/7/2009,511,827,5/30/2009,447,9/15/2009,484,875,9/26/2009,514,5/5/2010,429,919,5/8/2010,636,9/8/2010,509,911,9/18/2010,590,5/10/2011,444,1007,4/30/2011,644,9/7/2011,286,755,9/17/2011,747,6/5/2012,455,197,6/9/2012,1241,9/11/2012,482,799,9/15/2012,603,5/1/2013,426,918,5/4/2013,607,10/3/2013,442,1008,10/5/2013,555,5/13/2014,349,787,05/10/2014 07:00:00 AM +0000,380,9/4/2014,535,805,9/6/2014,531,5/21/2015,302,1017,5/30/2015,425
POINT (-73.79247827489317 40.71091966309365),77,Queens,Hillside Avenue,169th Street,170th Street,Y,5/17/2007,1693,3280,5/19/2007,2006,9/27/2007,1429,2988,10/6/2007,2165,5/7/2008,836,3442,5/10/2008,1693,9/23/2008,923,3784,9/27/2008,1553,5/7/2009,799,3564,5/30/2009,1854,9/15/2009,826,3811,9/26/2009,2184,5/13/2010,889,3747,5/15/2010,2154,9/15/2010,977,3997,9/25/2010,1710,5/12/2011,991,3977,5/7/2011,2348,9/21/2011,1069,3531,9/24/2011,1453,5/10/2012,902,1904,5/12/2012,2388,9/11/2012,1063,3427,9/15/2012,1615,5/16/2013,1211,2973,5/18/2013,1509,9/25/2013,930,3392,9/21/2013,1943,5/15/2014,1314,4635,05/03/2014 07:00:00 AM +0000,1970,10/2/2014,668,3240,9/20/2014,1791,5/6/2015,824,3709,5/30/2015,1899
POINT (-73.9394711515093 40.748171290709614),78,Queens,Jackson Avenue,Queens Street,42nd Road,N,5/17/2007,354,425,5/19/2007,108,9/27/2007,411,408,10/6/2007,62,5/7/2008,380,509,5/3/2008,112,9/18/2008,348,382,9/20/2008,69,5/19/2009,451,360,5/30/2009,79,9/15/2009,242,424,9/26/2009,288,5/4/2010,294,319,5/1/2010,238,9/8/2010,326,406,9/25/2010,213,5/19/2011,401,463,5/7/2011,159,9/14/2011,403,482,9/24/2011,157,5/10/2012,669,463,5/19/2012,222,9/13/2012,631,535,9/22/2012,198,5/14/2013,647,632,6/1/2013,300,9/24/2013,694,960,9/28/2013,296,5/14/2014,668,897,05/03/2014 07:00:00 AM +0000,284,9/11/2014,660,600,9/27/2014,129,5/6/2015,338,614,5/30/2015,234
POINT (-73.8059375206585 40.70182238071845),79,Queens,Jamaica Avenue,148th Street,149th Street,N,5/17/2007,813,3336,5/19/2007,2133,9/27/2007,639,3384,10/6/2007,2246,4/29/2008,621,3020,5/10/2008,2458,9/11/2008,735,2789,9/6/2008,1896,5/19/2009,747,3443,5/30/2009,2598,9/16/2009,698,3324,9/26/2009,1861,5/12/2010,651,2492,5/22/2010,2498,9/16/2010,821,1942,9/11/2010,2261,5/12/2011,789,2601,5/14/2011,2769,9/8/2011,602,3152,9/10/2011,2373,5/10/2012,708,2150,5/12/2012,2175,9/11/2012,723,2766,9/22/2012,2423,5/14/2013,751,3245,5/18/2013,2297,10/1/2013,817,2821,9/28/2013,2063,5/15/2014,782,2766,05/03/2014 07:00:00 AM +0000,2096,9/11/2014,530,2948,9/20/2014,1807,5/13/2015,896,3321,5/16/2015,2400
POINT (-73.79726496612199 40.70450555044362),80,Queens,Jamaica Avenue,162nd Street,Guy R. Brewer Boulevard,Y,5/17/2007,1390,11407,5/19/2007,5326,9/27/2007,1636,12671,10/6/2007,5988,4/29/2008,949,8011,5/10/2008,7008,9/11/2008,1259,9860,9/6/2008,4666,5/19/2009,1286,9724,5/9/2009,4969,9/16/2009,1149,10148,9/26/2009,5407,5/12/2010,1149,7372,5/22/2010,8770,9/16/2010,1350,7149,9/11/2010,6271,5/19/2011,1495,11961,5/7/2011,7961,9/8/2011,1363,13426,9/10/2011,9834,5/3/2012,1566,7315,5/12/2012,8328,9/11/2012,1414,9346,9/15/2012,7293,5/14/2013,1521,8935,5/18/2013,5882,9/24/2013,1430,7896,9/21/2013,7105,5/15/2014,1359,10063,05/03/2014 07:00:00 AM +0000,7273,10/2/2014,1465,10097,9/20/2014,7681,5/13/2015,1215,6715,5/16/2015,4764
POINT (-73.8577900896105 40.69259632475859),81,Queens,Jamaica Avenue,86th Street,87th Street,N,5/10/2007,790,2313,5/12/2007,1864,9/27/2007,894,2188,10/6/2007,1597,4/29/2008,644,2007,5/10/2008,1531,9/24/2008,776,2158,9/27/2008,1746,5/19/2009,758,1892,5/9/2009,1710,9/16/2009,678,1987,9/26/2009,1478,5/5/2010,784,2486,5/8/2010,1634,9/14/2010,842,2367,9/25/2010,1397,5/12/2011,788,1758,5/14/2011,1952,9/14/2011,1095,2465,9/10/2011,1537,6/6/2012,704,1157,6/9/2012,1320,9/13/2012,912,1925,9/22/2012,1295,5/1/2013,867,2065,5/4/2013,1690,10/2/2013,835,1902,10/5/2013,1643,5/14/2014,1005,1914,05/17/2014 07:00:00 AM +0000,1652,9/16/2014,1036,1874,9/13/2014,1224,5/13/2015,1159,2138,5/16/2015,1616
POINT (-73.83093435527098 40.76118578331916),82,Queens,Main Street,37th Avenue,38th Avenue,Y,5/10/2007,1805,6685,5/12/2007,8266,9/27/2007,1560,5818,10/6/2007,7615,4/30/2008,1444,5548,5/3/2008,8784,9/10/2008,1316,4706,9/13/2008,9169,5/21/2009,1563,5406,5/9/2009,5867,9/16/2009,2008,7670,9/26/2009,6584,5/6/2010,1558,6559,5/15/2010,7886,9/8/2010,1942,7235,9/18/2010,6510,5/18/2011,1644,8323,4/30/2011,7368,9/15/2011,2031,6043,9/17/2011,6721,5/23/2012,2450,5932,5/12/2012,4723,9/11/2012,2581,7948,9/15/2012,8447,5/14/2013,2266,8751,5/18/2013,8554,9/24/2013,2169,7998,9/28/2013,7097,5/29/2014,2068,8045,05/03/2014 07:00:00 AM +0000,6733,9/16/2014,2291,8105,10/11/2014,4731,6/2/2015,2333,8040,5/9/2015,5555
POINT (-73.78539020907589 40.69769336243359),83,Queens,Merrick Boulevard,108th Drive,169th Place,N,5/17/2007,63,149,5/19/2007,57,10/2/2007,70,108,10/6/2007,80,5/7/2008,98,207,5/10/2008,76,9/23/2008,54,87,9/27/2008,94,5/19/2009,26,105,5/9/2009,63,9/16/2009,32,132,9/26/2009,75,5/13/2010,62,149,5/15/2010,86,9/15/2010,163,310,9/25/2010,79,5/5/2011,163,335,5/7/2011,305,9/22/2011,189,368,9/24/2011,189,6/6/2012,87,132,6/9/2012,119,9/11/2012,83,139,9/15/2012,130,5/2/2013,162,220,6/1/2013,178,9/24/2013,112,387,9/28/2013,166,5/15/2014,89,232,06/07/2014 07:00:00 AM +0000,134,9/4/2014,150,267,9/13/2014,176,5/6/2015,90,202,5/30/2015,76
POINT (-73.75250126721382 40.604023385262565),84,Queens,Mott Avenue,Smith Place,Central Avenue,N,5/17/2007,927,2468,5/19/2007,1985,10/2/2007,661,2785,10/6/2007,2132,4/29/2008,1362,2309,5/3/2008,1208,9/11/2008,891,2311,9/13/2008,1734,5/19/2009,735,1958,5/9/2009,1850,9/16/2009,892,1952,10/10/2009,2222,5/4/2010,727,1796,5/1/2010,2056,9/16/2010,868,1543,9/18/2010,1736,5/25/2011,820,1836,5/21/2011,2116,9/14/2011,1131,3664,9/17/2011,1430,5/23/2012,692,1338,5/12/2012,2454,9/11/2012,850,2119,9/15/2012,1983,5/2/2013,658,2003,5/18/2013,2007,9/18/2013,728,1629,9/21/2013,1618,5/13/2014,1451,3319,05/03/2014 07:00:00 AM +0000,2154,9/4/2014,1017,2827,9/6/2014,2025,5/6/2015,1084,2030,5/9/2015,1150
POINT (-73.91018834116505 40.69967093544051),85,Queens,Myrtle Avenue,Palmetto Street,Woodbine Street,Y,5/10/2007,1245,5324,5/19/2007,5741,10/2/2007,1342,5867,10/6/2007,5109,5/6/2008,1358,6221,5/3/2008,3214,9/25/2008,1468,4978,9/20/2008,3577,5/19/2009,1316,5135,5/9/2009,3101,9/16/2009,1128,5053,10/10/2009,3619,5/5/2010,1238,4634,5/8/2010,3218,9/14/2010,1541,5641,9/25/2010,2977,5/12/2011,1296,5433,4/30/2011,3383,9/8/2011,1349,5349,9/24/2011,3560,5/30/2012,1397,3596,6/9/2012,3082,9/11/2012,1378,4588,9/15/2012,3706,5/7/2013,1389,4999,6/1/2013,3702,10/3/2013,1487,4681,10/5/2013,3449,5/14/2014,1322,4948,05/10/2014 07:00:00 AM +0000,3167,9/4/2014,1572,4351,9/6/2014,3291,5/19/2015,1481,3756,5/16/2015,2562
POINT (-73.90192709081796 40.700487613235865),86,Queens,Myrtle Avenue,Weirfield Street,Centre Street,N,5/9/2007,426,3161,5/12/2007,3816,10/2/2007,308,2797,10/6/2007,5540,4/30/2008,366,2892,5/3/2008,2139,9/18/2008,354,2980,9/20/2008,2517,5/19/2009,393,2719,5/9/2009,2404,9/16/2009,393,3305,10/10/2009,2032,5/5/2010,586,3877,5/8/2010,3738,9/14/2010,389,3363,10/2/2010,2345,5/19/2011,330,3107,5/14/2011,2470,9/8/2011,407,2949,10/1/2011,2507,6/7/2012,499,1704,6/9/2012,2747,9/11/2012,438,2654,9/15/2012,3476,5/14/2013,406,3181,6/1/2013,2886,10/3/2013,414,2953,10/5/2013,3020,5/14/2014,454,3287,05/10/2014 07:00:00 AM +0000,3050,9/4/2014,522,2789,9/6/2014,2535,5/20/2015,1139,2415,5/30/2015,2466
POINT (-73.80439743099379 40.76247070217482),87,Queens,Northern Boulevard,50' East of 161st Street,,N,5/16/2007,302,706,5/19/2007,596,10/2/2007,306,912,10/6/2007,545,5/8/2008,174,556,5/10/2008,456,9/10/2008,254,540,9/13/2008,440,5/19/2009,104,511,5/9/2009,304,9/16/2009,114,672,10/10/2009,421,5/6/2010,258,692,5/15/2010,614,9/8/2010,234,816,10/2/2010,462,5/18/2011,314,1145,4/30/2011,628,9/15/2011,388,860,10/1/2011,756,5/31/2012,203,522,5/19/2012,116,9/11/2012,236,567,9/15/2012,327,5/1/2013,280,888,5/4/2013,609,9/24/2013,299,1030,9/28/2013,571,5/8/2014,243,947,05/10/2014 07:00:00 AM +0000,562,9/11/2014,307,965,9/6/2014,415,5/6/2015,306,946,5/30/2015,640
POINT (-73.83274555228849 40.76053254069111),88,Queens,Prince Street,37th Avenue,38th Avenue,N,5/16/2007,368,1048,5/19/2007,1051,10/2/2007,339,1011,10/6/2007,1102,5/8/2008,358,995,5/10/2008,643,9/10/2008,296,1060,9/13/2008,1361,5/19/2009,208,1007,5/9/2009,856,9/16/2009,256,1169,10/10/2009,1164,5/6/2010,278,913,5/15/2010,1222,9/8/2010,316,831,10/2/2010,1065,5/18/2011,252,1130,4/30/2011,1319,9/15/2011,255,835,10/1/2011,1419,5/22/2012,242,760,5/19/2012,1208,9/11/2012,312,1058,9/15/2012,1630,5/7/2013,293,1210,5/18/2013,1442,9/25/2013,296,1256,9/28/2013,1435,5/29/2014,271,1360,05/03/2014 07:00:00 AM +0000,1509,9/11/2014,372,1630,10/11/2014,1277,5/6/2015,459,2163,5/9/2015,1694
POINT (-73.82971390855923 40.713719487169804),89,Queens,Queens Boulevard,50' East of 80th Road,,N,5/17/2007,6569,9070,5/19/2007,2703,10/2/2007,6876,8687,10/6/2007,2452,4/29/2008,3220,5656,5/10/2008,1495,9/16/2008,2356,4746,9/27/2008,2273,5/19/2009,1661,4302,5/9/2009,954,9/16/2009,1786,4323,10/10/2009,1119,5/13/2010,1769,5062,5/15/2010,1212,9/23/2010,2286,6977,9/25/2010,1170,5/19/2011,2415,4837,5/14/2011,1033,9/15/2011,2989,4926,9/24/2011,1131,5/30/2012,1634,2729,5/12/2012,1071,9/13/2012,1574,1904,9/15/2012,1188,5/2/2013,2080,4468,5/18/2013,1178,10/3/2013,1537,2337,10/5/2013,1234,5/7/2014,1626,2337,05/10/2014 07:00:00 AM +0000,791,9/9/2014,1704,2503,9/6/2014,648,5/6/2015,1824,2704,5/16/2015,821
POINT (-73.87130318032177 40.73382228902957),90,Queens,Queens Boulevard,Woodhaven Boulevard,90th Street,N,5/17/2007,434,2645,5/19/2007,1790,10/2/2007,395,2795,10/6/2007,2180,4/29/2008,481,3236,5/10/2008,2362,9/18/2008,612,2631,9/20/2008,2014,5/6/2009,368,2527,5/9/2009,2591,9/16/2009,322,3210,10/10/2009,3145,5/4/2010,365,2593,5/1/2010,2092,9/23/2010,492,2493,10/2/2010,2529,5/19/2011,356,2350,5/7/2011,1985,9/20/2011,444,2741,10/1/2011,2811,5/2/2012,1063,2576,5/5/2012,2171,9/13/2012,539,2286,9/22/2012,2181,5/2/2013,382,2419,5/18/2013,2121,10/8/2013,426,2290,10/12/2013,2182,5/29/2014,383,2269,05/03/2014 07:00:00 AM +0000,2169,9/11/2014,425,2108,9/6/2014,1656,5/12/2015,331,1889,5/16/2015,1745
POINT (-73.93998588778325 40.750663629169715),91,Queens,Queens Plaza North & South,Crescent Street,27th Street,N,5/17/2007,5036,6091,5/19/2007,2204,10/2/2007,5724,6082,10/6/2007,1627,5/7/2008,4996,6281,5/3/2008,2758,9/9/2008,5296,6031,9/20/2008,1458,5/6/2009,1952,2141,5/9/2009,806,9/16/2009,4255,5306,10/10/2009,1297,5/13/2010,4392,5254,5/1/2010,2511,9/8/2010,4687,5552,10/2/2010,1088,5/19/2011,4461,6346,5/21/2011,1750,9/8/2011,5250,7292,9/24/2011,1007,5/30/2012,2892,3350,5/19/2012,1658,9/13/2012,3868,4027,9/22/2012,1811,5/14/2013,5298,8052,6/1/2013,2443,9/24/2013,5780,7274,9/28/2013,2341,5/14/2014,4787,7410,05/10/2014 07:00:00 AM +0000,2584,9/4/2014,5338,6707,9/27/2014,1655,5/6/2015,4221,6634,5/9/2015,2653
POINT (-73.82818894237845 40.76005352048368),92,Queens,Roosevelt Avenue,Main Street,Union Street,N,5/10/2007,7893,10566,5/12/2007,4690,10/2/2007,9198,12958,10/6/2007,5163,4/30/2008,3211,13346,5/3/2008,7747,9/10/2008,9044,13012,9/13/2008,7078,5/6/2009,9175,13802,5/9/2009,8087,9/16/2009,8688,15500,10/10/2009,9745,5/6/2010,10891,14219,5/15/2010,7738,9/8/2010,9123,14574,10/2/2010,7311,5/18/2011,9253,12881,4/30/2011,8963,9/15/2011,10759,14081,10/1/2011,9210,5/24/2012,3439,8189,5/12/2012,7573,9/11/2012,4331,13446,9/15/2012,10237,5/14/2013,4380,9307,5/18/2013,6221,9/18/2013,3491,12451,9/21/2013,8076,5/13/2014,3029,13480,05/03/2014 07:00:00 AM +0000,7503,9/4/2014,3955,12683,9/6/2014,7966,5/6/2015,4236,14272,5/30/2015,8461
POINT (-73.91804029865682 40.760154979525886),93,Queens,Steinway Street,31st Avenue,Broadway,N,5/17/2007,1115,6495,5/19/2007,4356,10/2/2007,1127,5199,10/6/2007,4348,5/7/2008,1230,6034,5/3/2008,4652,9/9/2008,1127,5360,9/20/2008,3893,5/6/2009,995,5290,5/30/2009,5311,9/16/2009,1113,5796,10/10/2009,3956,5/13/2010,1026,5626,5/1/2010,4956,9/8/2010,1013,5506,9/25/2010,3804,5/12/2011,1124,5991,5/21/2011,3917,9/8/2011,1050,6733,9/24/2011,3790,5/16/2012,1120,4213,5/19/2012,4488,9/13/2012,1212,5692,9/22/2012,4250,5/14/2013,1160,5949,6/1/2013,4499,9/24/2013,1179,5489,9/28/2013,3923,5/14/2014,1102,5743,05/10/2014 07:00:00 AM +0000,4660,9/11/2014,1096,5493,9/27/2014,3644,5/6/2015,951,5907,5/30/2015,4299
POINT (-73.80860478359536 40.70340462655154),94,Queens,Sutphin Boulevard,89th Avenue,90th Avenue,N,5/9/2007,1076,2166,5/19/2007,806,10/2/2007,832,1664,10/6/2007,812,4/29/2008,320,1862,5/10/2008,955,9/11/2008,1424,2686,9/6/2008,830,5/6/2009,1093,2412,5/9/2009,871,9/16/2009,1148,2463,10/10/2009,977,5/12/2010,1192,2559,5/22/2010,1610,9/16/2010,1441,2823,9/11/2010,1216,5/19/2011,912,2254,5/7/2011,1111,9/8/2011,847,2789,9/10/2011,1362,5/10/2012,876,1310,5/12/2012,1162,9/11/2012,1514,1975,9/15/2012,1038,5/14/2013,1249,2761,5/18/2013,967,10/1/2013,1363,2135,9/28/2013,1264,5/29/2014,1083,2180,05/10/2014 07:00:00 AM +0000,1157,10/2/2014,1569,2727,9/27/2014,1098,5/13/2015,1099,2446,5/9/2015,1053
POINT (-73.84840699076854 40.722724821640135),95,Queens,Yellowstone Boulevard,Queens Boulevard,Gerard Place,N,5/9/2007,245,1272,5/19/2007,776,10/2/2007,242,1321,10/6/2007,867,5/1/2008,184,620,5/10/2008,399,9/16/2008,197,1444,9/27/2008,333,5/6/2009,195,564,5/9/2009,344,9/16/2009,188,540,10/10/2009,381,5/13/2010,263,652,5/15/2010,431,9/23/2010,225,671,9/25/2010,426,5/19/2011,258,1257,5/21/2011,795,9/20/2011,243,604,9/24/2011,347,5/3/2012,268,434,5/19/2012,843,9/11/2012,462,1080,9/15/2012,1051,5/1/2013,334,713,5/4/2013,444,10/2/2013,421,705,10/5/2013,439,5/15/2014,251,687,05/10/2014 07:00:00 AM +0000,356,9/11/2014,357,768,9/13/2014,399,5/14/2015,281,887,5/9/2015,468
POINT (-74.10857607699728 40.630171698294305),96,Staten Island,Forest Avenue,Regan Avenue,Davis Avenue,N,5/8/2007,147,228,5/19/2007,152,10/2/2007,155,204,9/29/2007,85,5/1/2008,116,240,5/3/2008,174,9/11/2008,150,156,9/13/2008,138,5/6/2009,184,214,5/9/2009,179,9/29/2009,183,266,10/10/2009,155,5/13/2010,168,253,5/15/2010,193,9/8/2010,166,218,9/18/2010,198,5/12/2011,191,319,4/30/2011,149,9/8/2011,91,158,9/17/2011,143,5/16/2012,106,241,5/19/2012,235,9/12/2012,172,429,9/15/2012,215,5/16/2013,135,527,5/18/2013,308,9/18/2013,236,347,9/21/2013,194,5/7/2014,273,344,06/07/2014 07:00:00 AM +0000,205,9/4/2014,208,268,9/13/2014,231,5/6/2015,233,289,5/9/2015,242
POINT (-74.11087252935727 40.57107102644237),97,Staten Island,New Dorp Lane,Hylan Boulevard,Clawson Street,N,5/8/2007,240,347,5/12/2007,432,10/2/2007,330,314,9/29/2007,348,5/1/2008,235,571,5/3/2008,389,9/11/2008,425,728,9/13/2008,567,5/6/2009,413,814,5/23/2009,704,9/29/2009,675,880,10/10/2009,684,5/13/2010,541,909,5/1/2010,578,9/23/2010,580,846,10/2/2010,574,5/19/2011,376,689,5/14/2011,484,9/20/2011,502,752,9/24/2011,428,5/24/2012,462,544,6/2/2012,439,9/13/2012,611,578,9/22/2012,719,5/2/2013,513,770,5/4/2013,476,10/1/2013,603,608,9/28/2013,454,5/8/2014,425,462,05/17/2014 07:00:00 AM +0000,386,9/4/2014,365,461,9/20/2014,431,5/6/2015,496,616,5/30/2015,484
POINT (-74.07524480140287 40.642983526301755),98,Staten Island,Pedestrian Walkway from Ferry Terminal,50' north of Richmond Terrace,,Y,5/8/2007,840,1268,5/19/2007,787,9/27/2007,992,1465,9/29/2007,669,5/1/2008,1001,1871,5/3/2008,753,9/11/2008,1449,2078,9/13/2008,883,5/7/2009,1234,1981,5/23/2009,737,9/29/2009,1044,1439,10/10/2009,770,5/12/2010,741,1688,5/1/2010,804,9/15/2010,1213,1852,9/18/2010,647,5/5/2011,781,1624,4/30/2011,838,9/8/2011,1037,1407,9/17/2011,654,5/3/2012,1055,1053,5/5/2012,741,10/17/2012,1206,2113,9/15/2012,943,5/16/2013,1153,1738,6/1/2013,907,11/6/2013,1068,1863,9/21/2013,612,5/13/2014,933,1771,05/03/2014 07:00:00 AM +0000,829,10/2/2014,1088,1462,9/13/2014,860,5/6/2015,914,2046,5/9/2015,470
POINT (-74.16614928494099 40.58813530683323),99,Staten Island,Richmond Hill Road,400' west of Richmond Terrace,,N,5/8/2007,134,129,5/19/2007,112,9/27/2007,138,193,9/29/2007,84,5/1/2008,129,148,5/3/2008,134,9/11/2008,123,263,9/13/2008,151,5/7/2009,152,196,5/23/2009,137,9/29/2009,183,223,10/10/2009,160,5/12/2010,139,265,5/1/2010,184,9/15/2010,141,245,10/2/2010,138,5/12/2011,150,198,5/14/2011,111,9/22/2011,100,140,9/24/2011,102,5/30/2012,77,84,6/2/2012,90,9/11/2012,93,161,9/15/2012,113,5/2/2013,124,186,5/4/2013,163,10/2/2013,170,194,9/28/2013,100,5/6/2014,142,233,05/10/2014 07:00:00 AM +0000,137,9/4/2014,158,231,9/20/2014,159,5/6/2015,149,234,5/16/2015,151
POINT (-74.07740338696918 40.63793280712071),100,Staten Island,Victory Boulevard,Bay Street,Van Duzer Street,Y,5/8/2007,715,1037,5/19/2007,486,9/27/2007,725,1176,9/29/2007,503,5/1/2008,925,1586,5/3/2008,735,9/11/2008,923,1157,9/13/2008,556,5/7/2009,752,1402,5/23/2009,631,9/29/2009,549,825,10/10/2009,519,5/12/2010,546,1397,5/15/2010,939,9/8/2010,699,1080,9/18/2010,712,5/19/2011,667,1215,4/30/2011,514,9/8/2011,396,716,9/17/2011,489,5/10/2012,587,838,5/5/2012,678,9/11/2012,619,1136,9/22/2012,559,5/1/2013,586,1119,5/4/2013,600,10/2/2013,875,1535,9/28/2013,574,5/29/2014,826,1186,05/03/2014 07:00:00 AM +0000,729,9/11/2014,771,1118,9/27/2014,705,5/12/2015,883,1099,5/30/2015,618
POINT (-73.9966978834309 40.70597016498045),101,East River Bridges,Brooklyn Bridge,midpoint,,N,5/9/2007,582,1514,5/12/2007,1699,9/26/2007,708,1656,9/29/2007,1327,5/6/2008,673,2641,5/17/2008,1023,9/10/2008,529,2361,9/6/2008,1436,5/20/2009,653,2670,5/23/2009,2302,9/10/2009,1259,3735,9/26/2009,2455,5/13/2010,647,4176,5/8/2010,2778,9/8/2010,527,2360,9/25/2010,2217,5/19/2011,654,3949,5/21/2011,2979,9/14/2011,646,1956,9/24/2011,2140,5/31/2012,255,496,6/9/2012,1458,9/12/2012,614,2947,9/15/2012,2848,5/7/2013,662,2675,6/1/2013,1886,9/18/2013,641,4984,9/21/2013,3356,5/14/2014,618,6493,05/03/2014 07:00:00 AM +0000,6049,9/4/2014,462,3760,9/13/2014,3265,6/2/2015,631,3173,5/9/2015,3835
POINT (-73.99094199014806 40.708065389807295),102,East River Bridges,Manhattan Bridge - North Path,midpoint,,N,-,0,0,-,0,-,0,0,-,0,-,0,0,-,0,-,0,0,-,0,5/20/2009,14,12,5/23/2009,28,-,0,0,-,0,5/12/2010,13,36,5/8/2010,32,9/8/2010,0,0,9/25/2010,3,5/18/2011,9,24,5/21/2011,10,9/14/2011,150,178,9/24/2011,115,5/31/2012,9,23,5/12/2012,109,9/13/2012,6,41,9/15/2012,8,5/21/2013,10,24,5/18/2013,18,9/25/2013,8,10,10/12/2013,34,5/14/2014,6,14,05/03/2014 07:00:00 AM +0000,20,10/2/2014,3,5,9/13/2014,6,5/14/2015,3,2,5/9/2015,7
POINT (-73.9911441992971 40.70794847867024),103,East River Bridges,Manhattan Bridge - South Path,midpoint,,N,5/9/2007,82,131,5/12/2007,158,9/26/2007,64,136,9/29/2007,93,5/8/2008,62,211,5/17/2008,78,9/11/2008,75,207,9/6/2008,85,5/20/2009,97,221,5/23/2009,163,9/22/2009,90,198,10/10/2009,205,5/12/2010,60,235,5/8/2010,95,9/8/2010,75,245,9/25/2010,176,5/18/2011,52,237,5/21/2011,302,9/14/2011,72,102,9/24/2011,92,5/31/2012,80,144,5/12/2012,245,9/13/2012,104,305,9/15/2012,274,5/21/2013,134,313,5/18/2013,195,9/25/2013,128,312,10/12/2013,330,5/14/2014,144,452,05/03/2014 07:00:00 AM +0000,415,10/2/2014,124,283,9/13/2014,201,5/14/2015,142,351,5/9/2015,260
POINT (-73.9720249378266 40.713533723016),104,East River Bridges,Williamsburg Bridge,midpoint,,N,5/9/2007,130,345,5/5/2007,370,9/26/2007,161,289,9/29/2007,312,5/8/2008,203,497,5/17/2008,455,9/24/2008,232,382,9/13/2008,315,5/7/2009,328,539,5/27/2009,507,9/23/2009,130,383,10/10/2009,343,5/12/2010,104,402,5/1/2010,468,9/14/2010,269,547,9/18/2010,396,5/5/2011,256,647,4/30/2011,582,9/20/2011,224,304,9/17/2011,443,5/31/2012,269,377,6/9/2012,305,9/12/2012,374,776,9/15/2012,720,5/2/2013,385,861,5/4/2013,1086,10/2/2013,400,838,10/5/2013,800,5/7/2014,394,830,05/10/2014 07:00:00 AM +0000,973,10/9/2014,263,713,9/13/2014,578,5/28/2015,374,906,5/10/2015,1093
POINT (-73.95460085520168 40.75686986008739),105,East River Bridges,Queensboro Bridge,midpoint,,N,5/9/2007,35,107,5/12/2007,103,9/27/2007,28,114,9/29/2007,68,4/29/2008,17,70,5/10/2008,94,9/24/2008,94,196,9/13/2008,165,5/5/2009,345,506,5/23/2009,82,9/22/2009,54,154,10/10/2009,94,5/26/2010,91,230,5/15/2010,95,9/15/2010,90,243,9/11/2010,164,5/24/2011,87,272,5/14/2011,95,9/15/2011,112,114,9/17/2011,128,5/31/2012,117,185,6/9/2012,111,10/17/2012,107,278,9/22/2012,120,5/1/2013,142,379,5/4/2013,226,10/2/2013,130,414,10/5/2013,197,5/14/2014,127,729,05/03/2014 07:00:00 AM +0000,250,9/4/2014,142,374,9/20/2014,224,6/2/2015,133,332,5/9/2015,207
POINT (-73.91119970135465 40.873547359000106),106,Harlem River Bridges,Broadway Bridge,midpoint,,N,5/8/2007,360,782,5/5/2007,455,9/27/2007,271,684,9/29/2007,410,5/1/2008,314,743,5/17/2008,652,9/24/2008,420,814,9/27/2008,751,5/21/2009,354,584,5/23/2009,683,9/23/2009,541,924,10/10/2009,449,5/26/2010,406,776,5/1/2010,689,9/8/2010,427,926,10/2/2010,601,5/18/2011,352,1266,4/30/2011,512,9/14/2011,730,1117,10/1/2011,834,5/2/2012,497,709,5/5/2012,795,9/12/2012,529,1084,9/15/2012,905,5/7/2013,478,976,5/18/2013,623,10/1/2013,537,998,10/5/2013,778,5/6/2014,473,978,05/17/2014 07:00:00 AM +0000,739,9/4/2014,530,818,10/11/2014,594,5/13/2015,540,925,5/16/2015,521
POINT (-73.91488962537824 40.86276958338556),107,Harlem River Bridges,University Heights Bridge,midpoint,,N,5/8/2007,192,480,5/5/2007,321,9/25/2007,124,343,9/29/2007,172,5/1/2008,181,419,5/17/2008,331,9/24/2008,223,487,9/27/2008,272,5/5/2009,162,455,5/23/2009,245,9/23/2009,216,558,10/10/2009,308,5/26/2010,184,538,5/1/2010,386,9/8/2010,259,548,10/2/2010,281,5/10/2011,186,682,4/30/2011,319,9/8/2011,265,531,10/1/2011,265,5/2/2012,222,327,5/12/2012,369,9/11/2012,272,527,9/15/2012,351,5/7/2013,258,610,5/18/2013,348,10/1/2013,264,579,10/5/2013,298,5/6/2014,317,511,05/17/2014 07:00:00 AM +0000,346,9/4/2014,284,535,10/11/2014,190,5/12/2015,315,793,5/16/2015,322
POINT (-73.93380588837302 40.8280999599949),108,Harlem River Bridges,Macombs Dam Bridge,midpoint,,N,5/8/2007,103,197,5/5/2007,297,9/25/2007,224,351,9/29/2007,148,5/6/2008,129,304,5/17/2008,213,9/27/2008,209,297,9/24/2008,168,5/20/2009,151,183,5/23/2009,293,9/30/2009,265,478,10/10/2009,396,5/26/2010,166,380,5/15/2010,322,9/14/2010,251,409,9/11/2010,373,5/5/2011,222,407,4/30/2011,286,9/13/2011,275,472,9/10/2011,389,6/6/2012,275,382,6/9/2012,320,9/13/2012,258,460,9/22/2012,372,5/2/2013,267,485,5/18/2013,479,9/18/2013,253,465,9/21/2013,408,5/6/2014,247,476,05/17/2014 07:00:00 AM +0000,402,9/18/2014,404,664,9/13/2014,585,5/6/2015,259,498,5/16/2015,411
POINT (-73.93330492386075 40.81949494541154),109,Harlem River Bridges,145th Street Bridge,midpoint,,N,5/8/2007,132,200,5/5/2007,135,9/25/2007,158,338,9/29/2007,122,5/6/2008,7,23,5/17/2008,8,9/24/2008,89,135,9/27/2008,99,5/20/2009,72,157,5/23/2009,58,9/30/2009,92,216,10/10/2009,299,5/6/2010,70,159,5/1/2010,216,9/14/2010,113,197,10/2/2010,236,5/19/2011,128,201,4/30/2011,290,9/14/2011,117,219,9/17/2011,261,5/31/2012,79,286,6/16/2012,351,9/11/2012,325,836,9/22/2012,497,5/2/2013,250,897,5/18/2013,494,9/18/2013,353,873,9/21/2013,533,5/6/2014,124,493,05/17/2014 07:00:00 AM +0000,292,9/18/2014,197,526,9/13/2014,386,5/6/2015,136,505,5/16/2015,323
POINT (-73.93313302788228 40.81413106797777),110,Harlem River Bridges,Madison Avenue Bridge,midpoint,,N,5/8/2007,145,305,5/5/2007,113,9/25/2007,303,513,9/29/2007,197,5/6/2008,174,148,5/17/2008,144,9/24/2008,290,362,9/27/2008,118,5/20/2009,272,331,5/23/2009,251,9/30/2009,214,242,9/26/2009,162,5/13/2010,313,367,5/1/2010,199,9/14/2010,256,346,10/2/2010,164,5/24/2011,350,392,5/21/2011,240,9/14/2011,295,473,10/1/2011,231,5/31/2012,407,412,6/16/2012,263,9/11/2012,418,458,9/22/2012,170,5/2/2013,266,354,5/18/2013,194,9/18/2013,341,431,9/21/2013,211,5/6/2014,344,501,05/17/2014 07:00:00 AM +0000,194,9/18/2014,348,458,9/13/2014,182,5/6/2015,356,542,5/16/2015,193
POINT (-73.93252967704335 40.8075548101035),111,Harlem River Bridges,Third Avenue Bridge,midpoint,,N,5/8/2007,49,126,5/5/2007,400,9/27/2007,88,190,10/6/2007,65,5/7/2008,60,130,5/10/2008,46,9/25/2008,66,147,9/27/2008,73,5/6/2009,99,153,5/23/2009,53,9/30/2009,138,166,9/26/2009,131,5/13/2010,96,188,5/1/2010,106,9/21/2010,116,201,10/2/2010,131,5/19/2011,145,210,5/7/2011,166,9/20/2011,178,230,10/1/2011,139,5/31/2012,208,191,6/2/2012,137,9/11/2012,202,374,9/15/2012,166,5/2/2013,179,332,5/18/2013,184,9/18/2013,176,318,9/21/2013,168,5/15/2014,203,342,05/03/2014 07:00:00 AM +0000,200,10/2/2014,196,360,9/20/2014,188,5/21/2015,217,364,5/16/2015,210
POINT (-73.9289610791785 40.803769279822085),112,Harlem River Bridges,Willis Avenue Bridge,midpoint,,N,5/10/2007,57,118,5/5/2007,127,9/27/2007,125,214,10/6/2007,85,5/7/2008,218,193,5/10/2008,100,9/25/2008,146,178,9/27/2008,82,5/6/2009,83,110,5/23/2009,78,9/29/2009,66,110,9/26/2009,79,5/13/2010,66,102,5/1/2010,71,9/21/2010,78,118,10/2/2010,50,5/19/2011,71,87,5/7/2011,29,9/20/2011,61,102,10/1/2011,60,6/5/2012,82,114,6/9/2012,71,9/11/2012,134,213,9/15/2012,126,5/2/2013,152,331,5/18/2013,108,9/18/2013,176,349,9/21/2013,144,5/15/2014,127,309,05/03/2014 07:00:00 AM +0000,108,9/23/2014,168,351,9/20/2014,148,5/20/2015,133,319,5/9/2015,122
POINT (-73.92785197149043 40.80034506063932),113,Harlem River Bridges,Triborough Bridge (Manhattan span),midpoint,,N,5/10/2007,17,35,5/5/2007,34,9/27/2007,11,44,10/6/2007,24,5/7/2008,30,44,5/10/2008,16,9/25/2008,30,200,9/27/2008,23,5/6/2009,37,44,5/23/2009,23,9/29/2009,20,174,9/26/2009,66,5/13/2010,12,39,5/1/2010,55,9/21/2010,36,205,10/2/2010,64,5/19/2011,10,45,5/7/2011,11,9/20/2011,7,119,10/1/2011,39,6/6/2012,26,21,6/9/2012,49,9/11/2012,6,33,9/15/2012,15,5/2/2013,12,42,5/18/2013,16,9/18/2013,13,31,9/21/2013,40,5/15/2014,14,32,05/03/2014 07:00:00 AM +0000,10,9/23/2014,21,42,9/20/2014,20,5/20/2015,19,36,5/9/2015,14
POINT (-73.93686603590562 40.78611224350855),114,Harlem River Bridges,Wards Island Bridge,midpoint,,N,5/10/2007,57,207,5/5/2007,71,9/26/2007,63,186,10/6/2007,149,5/7/2008,45,203,5/10/2008,113,9/25/2008,80,190,9/27/2008,120,5/5/2009,33,213,5/23/2009,324,9/30/2009,43,151,10/10/2009,173,5/13/2010,37,169,5/1/2010,674,9/21/2010,77,205,10/2/2010,913,5/5/2011,32,66,5/7/2011,70,9/20/2011,62,189,10/1/2011,936,6/7/2012,78,249,6/9/2012,439,9/11/2012,102,460,9/15/2012,569,5/2/2013,191,455,5/18/2013,435,10/1/2013,92,514,10/5/2013,594,5/15/2014,164,527,05/03/2014 07:00:00 AM +0000,312,9/23/2014,123,458,9/20/2014,564,5/20/2015,189,539,5/9/2015,312
